StartDate,EndDate,Status,IPAddress,Progress,Duration (in seconds),Finished,RecordedDate,ResponseId,RecipientLastName,RecipientFirstName,RecipientEmail,ExternalReference,LocationLatitude,LocationLongitude,DistributionChannel,UserLanguage,Q1.1,Q1.2,Q1.3,Q1.4,Q2.1,Q2.2,Q2.3,Q2.4,Q3.1_First Click,Q3.1_Last Click,Q3.1_Page Submit,Q3.1_Click Count,Q21_2,Q21_4,Q4.1_First Click,Q4.1_Last Click,Q4.1_Page Submit,Q4.1_Click Count,Q22_1,Q22_2,mTurkCode,Q21_2 - Topics
Start Date,End Date,Response Type,IP Address,Progress,Duration (in seconds),Finished,Recorded Date,Response ID,Recipient Last Name,Recipient First Name,Recipient Email,External Data Reference,Location Latitude,Location Longitude,Distribution Channel,User Language,Select below if you use an iPhone with at least iOS version 12 as your primary smartphone. Otherwise leave the button unselected.,Do you currently use the Screen Time application on your iPhone?,Do you currently use your iPhone primarily for work?,Is your iPhone provided to you by your company?,What gender are you?,What is your age?,"What is your current employment status?

Note that for purposes of this study full time is considered to be working at least 40 hours per week. Less than 40 hours of work per week is considered part time.","What is your current employment type?

Note that for the purposes of this study blue collar work can be generally considered as working primarily with your hands or through physical activity, while white collar work can be considered working primarily without physical activity or in clerical/administrative roles.",Timing - First Click,Timing - Last Click,Timing - Page Submit,Timing - Click Count,Please record the total number of hours and minutes that you have used your phone today. - Hours,Please record the total number of hours and minutes that you have used your phone today. - Minutes,Timing - First Click,Timing - Last Click,Timing - Page Submit,Timing - Click Count,Record your total Screen Time hours and minutes for the week here (please convert hours to minutes)  : - Hours,Record your total Screen Time hours and minutes for the week here (please convert hours to minutes)  : - Minutes,mTurkCode,Q21_2 - Topics
"{""ImportId"":""startDate"",""timeZone"":""America/Los_Angeles""}","{""ImportId"":""endDate"",""timeZone"":""America/Los_Angeles""}","{""ImportId"":""status""}","{""ImportId"":""ipAddress""}","{""ImportId"":""progress""}","{""ImportId"":""duration""}","{""ImportId"":""finished""}","{""ImportId"":""recordedDate"",""timeZone"":""America/Los_Angeles""}","{""ImportId"":""_recordId""}","{""ImportId"":""recipientLastName""}","{""ImportId"":""recipientFirstName""}","{""ImportId"":""recipientEmail""}","{""ImportId"":""externalDataReference""}","{""ImportId"":""locationLatitude""}","{""ImportId"":""locationLongitude""}","{""ImportId"":""distributionChannel""}","{""ImportId"":""userLanguage""}","{""ImportId"":""QID2""}","{""ImportId"":""QID4""}","{""ImportId"":""QID5""}","{""ImportId"":""QID6""}","{""ImportId"":""QID1""}","{""ImportId"":""QID3_TEXT""}","{""ImportId"":""QID7""}","{""ImportId"":""QID8""}","{""ImportId"":""QID20_FIRST_CLICK""}","{""ImportId"":""QID20_LAST_CLICK""}","{""ImportId"":""QID20_PAGE_SUBMIT""}","{""ImportId"":""QID20_CLICK_COUNT""}","{""ImportId"":""QID21_2""}","{""ImportId"":""QID21_4""}","{""ImportId"":""QID18_FIRST_CLICK""}","{""ImportId"":""QID18_LAST_CLICK""}","{""ImportId"":""QID18_PAGE_SUBMIT""}","{""ImportId"":""QID18_CLICK_COUNT""}","{""ImportId"":""QID22_1""}","{""ImportId"":""QID22_2""}","{""ImportId"":""mTurkCode""}","{""ImportId"":""QID21_2_e76318c1d3934e259e8af9cdTopics""}"
2019-07-29 13:50:27,2019-07-29 13:51:25,Survey Preview,,100,58,True,2019-07-29 13:51:26,R_2dKJetoetKDJ6PM,,,,,43.1963043212890625,-86.271697998046875,preview,EN,I use an iPhone with at least iOS 12 as my primary smartphone.,Yes,Yes,No,Male,33,Full time,White Collar,3.042,3.042,13.813,1,1,56,2.06,2.06,21.131,1,15,59,354333,Unknown
2019-07-29 14:00:24,2019-07-29 14:01:27,IP Address,72.239.220.70,100,63,True,2019-07-29 14:01:28,R_11XEJoWgU7WcCvZ,,,,,29.1383056640625,-80.99559783935546875,anonymous,EN,I use an iPhone with at least iOS 12 as my primary smartphone.,Yes,Yes,No,Female,32,Full time,White Collar,1.325,1.325,16.357,1,4,11,10.51,24.508,27.707,4,50,47,500433,Unknown
2019-07-29 13:59:53,2019-07-29 14:01:35,IP Address,97.113.17.157,100,102,True,2019-07-29 14:01:36,R_2f1i2Too3L1gwU5,,,,,48.6952056884765625,-122.4123992919921875,anonymous,EN,I use an iPhone with at least iOS 12 as my primary smartphone.,Yes,No,No,Male,30,Full time,Blue Collar,35.756,45.126,46.04,3,0,33,11.981,13.628,14.186,2,0,52,9874,Unknown
2019-07-29 14:00:23,2019-07-29 14:01:57,IP Address,174.194.27.214,100,94,True,2019-07-29 14:01:58,R_3J9FmfEQSd4TEg9,,,,,35.1696929931640625,-79.39569854736328125,anonymous,EN,I use an iPhone with at least iOS 12 as my primary smartphone.,Yes,No,No,Female,30,Full time,White Collar,0.873,14.328,16.983,2,3,14,3.67,7.707,10.556,4,45,15,207851,Unknown
2019-07-29 13:59:46,2019-07-29 14:02:03,IP Address,71.215.120.99,100,137,True,2019-07-29 14:02:04,R_3JkfnfeJekcDGrX,,,,,26.6786041259765625,-82.02629852294921875,anonymous,EN,I use an iPhone with at least iOS 12 as my primary smartphone.,Yes,Yes,"Yes, including cellular network fees",Female,36,Full time,Unknown or unsure,0.526,5.578,10.923,2,5,2,1.658,5.212,6.413,2,4,2,602536,Unknown
2019-07-29 14:01:01,2019-07-29 14:02:05,IP Address,59.99.222.97,100,63,True,2019-07-29 14:02:06,R_1GZzoz0WGSI16Ks,,,,,8.1790008544921875,77.43231201171875,anonymous,EN,I use an iPhone with at least iOS 12 as my primary smartphone.,Yes,Yes,"Yes, including cellular network fees",Female,23,Full time,White Collar,0.095,6.559,9.792,3,2,30,8.711,15.783,18.993,2,12,30,248239,Unknown
2019-07-29 14:00:47,2019-07-29 14:02:10,IP Address,99.155.151.178,100,83,True,2019-07-29 14:02:10,R_1lhmCsFrM6qouLA,,,,,33.87750244140625,-84.50170135498046875,anonymous,EN,I use an iPhone with at least iOS 12 as my primary smartphone.,Yes,Yes,"Yes, including cellular network fees",Female,29,Full time,White Collar,7.319,25.793,28.13,2,4,20,2.602,10.356,12.804,2,57,28,469704,Unknown
2019-07-29 14:01:55,2019-07-29 14:03:11,IP Address,98.11.218.16,100,75,True,2019-07-29 14:03:11,R_2ByP5FuRyaEpDGs,,,,,43.0800933837890625,-77.6342010498046875,anonymous,EN,I use an iPhone with at least iOS 12 as my primary smartphone.,Yes,No,No,Male,22,Full time,White Collar,20.221,21.483,23.244,2,2,25,23.435,25.835,26.948,2,5,53,949815,Unknown
2019-07-29 14:02:07,2019-07-29 14:03:22,IP Address,64.223.86.195,100,75,True,2019-07-29 14:03:22,R_29sHaC2LNXLhoIx,,,,,44.453704833984375,-73.17729949951171875,anonymous,EN,I use an iPhone with at least iOS 12 as my primary smartphone.,Yes,No,No,Female,37,Full time,White Collar,0,0,3.535,0,1,15,5.105,7.595,11.746,2,0,20,957946,Unknown
2019-07-29 14:02:51,2019-07-29 14:03:27,IP Address,24.146.131.64,100,36,True,2019-07-29 14:03:28,R_AA2Wg2wiCq6klgJ,,,,,40.947601318359375,-73.862396240234375,anonymous,EN,I use an iPhone with at least iOS 12 as my primary smartphone.,Yes,Yes,"Yes, including cellular network fees",Male,32,Full time,White Collar,0,0,3.57,0,4,23,0.624,1.112,12.341,2,38,34,376539,Unknown
2019-07-29 14:00:42,2019-07-29 14:03:49,IP Address,96.83.131.81,100,187,True,2019-07-29 14:03:49,R_3MDU0MmQeM6Pu3s,,,,,39.9635009765625,-76.726898193359375,anonymous,EN,I use an iPhone with at least iOS 12 as my primary smartphone.,Yes,Yes,"Yes, including cellular network fees",Female,51,Full time,White Collar,10.827,26.091,32.456,3,4,33,23.975,68.743,81.108,2,25,47,478252,Unknown
2019-07-29 14:03:23,2019-07-29 14:04:38,IP Address,4.53.28.42,100,75,True,2019-07-29 14:04:39,R_1PduzYuZbfUwNeq,,,,,38.6282958984375,-121.3307037353515625,anonymous,EN,I use an iPhone with at least iOS 12 as my primary smartphone.,Yes,No,No,Female,37,Full time,White Collar,25.344,27.584,29.712,2,1,50,2.156,20.359,23.913,4,38,38,761704,Unknown
2019-07-29 14:03:40,2019-07-29 14:05:57,IP Address,47.196.152.142,100,137,True,2019-07-29 14:05:58,R_2dDWC0TRBWjtS2v,,,,,28.0791015625,-82.52449798583984375,anonymous,EN,I use an iPhone with at least iOS 12 as my primary smartphone.,Yes,No,No,Female,36,Full time,Blue Collar,18.585,30.088,38.934,4,3,55,11.254,23.284,29.465,3,16,14,197076,Unknown
2019-07-29 14:01:32,2019-07-29 14:06:02,IP Address,66.250.143.159,100,269,True,2019-07-29 14:06:02,R_6SbhJrdnDsngABH,,,,,39.9597015380859375,-75.19950103759765625,anonymous,EN,I use an iPhone with at least iOS 12 as my primary smartphone.,Yes,No,No,Female,56,Full time,White Collar,0.724,0.724,151.244,1,1,4,1.559,1.559,79.856,1,660,24,557655,Unknown
2019-07-29 14:02:41,2019-07-29 14:06:06,IP Address,172.222.84.47,100,204,True,2019-07-29 14:06:06,R_1fftBlbmRT9dyvJ,,,,,42.278900146484375,-85.690399169921875,anonymous,EN,I use an iPhone with at least iOS 12 as my primary smartphone.,No,No,No,Male,28,Unemployed,Blue Collar,4.455,17.171,17.507,6,4,32,1.264,1.576,50.882,2,22,15,617858,Unknown
2019-07-29 14:01:39,2019-07-29 14:08:05,IP Address,96.236.205.208,100,385,True,2019-07-29 14:08:05,R_yVLRrQ8ZXgl4DKN,,,,,40.432403564453125,-79.9246978759765625,anonymous,EN,I use an iPhone with at least iOS 12 as my primary smartphone.,Yes,No,No,Male,64,Unemployed,Unemployed,29.21,30.828,36.694,2,0,57,20.332,22.283,29.803,2,10,15,615012,Unknown
2019-07-29 14:08:24,2019-07-29 14:09:10,IP Address,189.19.111.250,100,46,True,2019-07-29 14:09:11,R_1oe7Gunymw393kF,,,,,-23.476593017578125,-47.441802978515625,anonymous,EN,I use an iPhone with at least iOS 12 as my primary smartphone.,No,Yes,No,Female,25,Full time,White Collar,1.391,1.391,2.849,1,5,2,1.623,8.306,9.04,4,39,6,968095,Unknown
2019-07-29 14:09:03,2019-07-29 14:10:22,IP Address,184.59.11.143,100,78,True,2019-07-29 14:10:22,R_1JKG2Jh5Lg6l3j8,,,,,43.0475006103515625,-87.89640045166015625,anonymous,EN,I use an iPhone with at least iOS 12 as my primary smartphone.,Yes,No,No,Female,24,Full time,White Collar,16.251,17.644,19.452,2,2,25,8.62,13.056,15.021,2,31,49,193082,Unknown
2019-07-29 14:08:53,2019-07-29 14:11:31,IP Address,24.136.70.131,100,158,True,2019-07-29 14:11:32,R_1jm0y4qbk981rQB,,,,,33.707000732421875,-117.951904296875,anonymous,EN,I use an iPhone with at least iOS 12 as my primary smartphone.,Yes,No,No,Male,37,Full time,White Collar,51.285,62,63.178,6,0,25,3.085,55.643,57.634,9,0,138,76344,Unknown
2019-07-29 14:11:27,2019-07-29 14:15:10,IP Address,69.247.145.162,100,222,True,2019-07-29 14:15:11,R_2THPH24lRUZC4Bn,,,,,36.341705322265625,-86.72119903564453125,anonymous,EN,I use an iPhone with at least iOS 12 as my primary smartphone.,Yes,Yes,No,Female,57,Full time,White Collar,11.42,77.557,90.398,4,5,20,20.939,53.247,63.393,4,76,3,360994,Unknown
2019-07-29 14:10:14,2019-07-29 14:17:25,IP Address,192.200.18.18,100,431,True,2019-07-29 14:17:26,R_1M0cxeqv2TB1CC7,,,,,38.90570068359375,-77.03189849853515625,anonymous,EN,I use an iPhone with at least iOS 12 as my primary smartphone.,Yes,No,No,Male,33,Full time,White Collar,194.546,210.869,230.859,4,0,44,52.126,94.292,122.559,2,5,9,45771,Unknown
2019-07-29 14:16:43,2019-07-29 14:18:23,IP Address,65.130.215.119,100,100,True,2019-07-29 14:18:23,R_DHn6Gd0Cv214vPr,,,,,40.65960693359375,-111.91950225830078125,anonymous,EN,I use an iPhone with at least iOS 12 as my primary smartphone.,Yes,Yes,No,Male,39,Full time,Blue Collar,28.663,32.374,39.964,2,1,45,19.073,22.463,27.367,2,3,36,88233,Unknown
2019-07-29 14:22:53,2019-07-29 14:24:55,IP Address,174.202.7.111,100,122,True,2019-07-29 14:24:55,R_3qJXo92yo15PSSP,,,,,40.6800994873046875,-73.98470306396484375,anonymous,EN,I use an iPhone with at least iOS 12 as my primary smartphone.,Yes,No,"Yes, including cellular network fees",Female,23,Full time,White Collar,0.205,9.482,11.742,3,2,36,19.274,42.932,44.963,4,26,15,137876,Unknown
2019-07-29 14:24:33,2019-07-29 14:25:36,IP Address,71.178.51.72,100,62,True,2019-07-29 14:25:37,R_3lEOAusJFVfxttw,,,,,38.984100341796875,-77.3672027587890625,anonymous,EN,I use an iPhone with at least iOS 12 as my primary smartphone.,No,Yes,No,Male,40,Full time,White Collar,6.873,9.128,10.791,2,2,35,1.263,4.102,9.131,2,10,56,213453,Unknown
2019-07-29 14:24:40,2019-07-29 14:27:04,IP Address,71.193.93.214,100,144,True,2019-07-29 14:27:04,R_3RxdA38SXbszxGo,,,,,45.0131988525390625,-93.02970123291015625,anonymous,EN,I use an iPhone with at least iOS 12 as my primary smartphone.,Yes,No,No,Male,35,Full time,White Collar,63.424,63.424,70.886,1,1,30,18.81,18.81,22.996,1,3,15,367591,Unknown
2019-07-29 14:31:13,2019-07-29 14:35:59,IP Address,47.205.253.187,100,286,True,2019-07-29 14:36:00,R_Rt5qiEuaFS53vSp,,,,,28.016693115234375,-82.13590240478515625,anonymous,EN,I use an iPhone with at least iOS 12 as my primary smartphone.,Yes,Yes,No,Female,27,Full time,White Collar,221.973,228.915,230.485,3,3,53,2.861,2.861,20.779,1,36,3,73892,Unknown
2019-07-29 14:34:10,2019-07-29 14:36:39,IP Address,69.115.162.246,100,148,True,2019-07-29 14:36:40,R_sX0d7sTuOhxQ4Df,,,,,40.878204345703125,-72.9524993896484375,anonymous,EN,I use an iPhone with at least iOS 12 as my primary smartphone.,Yes,No,No,Female,34,Full time,White Collar,1.341,48.131,55.666,5,1,55,3.362,36.492,37.736,4,4,32,87343,Unknown
2019-07-29 14:38:12,2019-07-29 14:40:11,IP Address,69.243.167.94,100,119,True,2019-07-29 14:40:11,R_3pf1f307G8exOXE,,,,,39.868499755859375,-85.96900177001953125,anonymous,EN,I use an iPhone with at least iOS 12 as my primary smartphone.,Yes,No,No,Female,36,Full time,White Collar,39.091,42.314,44.981,2,4,17,12.856,35.204,37.813,5,35,29,238568,Unknown
2019-07-29 14:45:12,2019-07-29 14:46:15,IP Address,177.180.121.57,100,62,True,2019-07-29 14:46:15,R_2E7e7sVyXxWnids,,,,,-23.1309967041015625,-46.5890045166015625,anonymous,EN,I use an iPhone with at least iOS 12 as my primary smartphone.,"No, but I have in the past",Yes,No,Male,25,Full time,White Collar,0.17,10.018,10.628,3,1,35,0.527,20.856,21.583,4,21,35,971956,Unknown
2019-07-29 14:46:58,2019-07-29 14:48:38,IP Address,64.130.136.40,100,99,True,2019-07-29 14:48:38,R_2xSgyqzoNyfYxGN,,,,,37.11700439453125,-85.94429779052734375,anonymous,EN,I use an iPhone with at least iOS 12 as my primary smartphone.,No,No,No,Female,48,Full time,Blue Collar,52.039,53.779,56.081,2,2,38,3.055,11.801,14.787,2,5,2,623141,Unknown
2019-07-29 14:47:33,2019-07-29 14:48:46,IP Address,64.171.224.83,100,73,True,2019-07-29 14:48:46,R_3pbZfsUXgp6Hct8,,,,,36.75390625,-119.70849609375,anonymous,EN,I use an iPhone with at least iOS 12 as my primary smartphone.,Yes,No,No,Male,37,Full time,White Collar,22.114,22.114,32.617,1,3,55,10.317,10.693,16.817,2,46,54,273907,Unknown
2019-07-29 14:49:38,2019-07-29 14:50:57,IP Address,162.234.69.154,100,78,True,2019-07-29 14:50:57,R_ZEtSHc5hagbFSWl,,,,,30.33880615234375,-97.5323028564453125,anonymous,EN,I use an iPhone with at least iOS 12 as my primary smartphone.,Yes,No,No,Female,23,Unemployed,Unemployed,11.946,11.946,25.387,1,0,23,4.207,13.868,16.996,2,7,45,722719,Unknown
2019-07-29 14:54:11,2019-07-29 14:55:11,IP Address,74.70.72.1,100,60,True,2019-07-29 14:55:12,R_1gjRNZue6sXYymb,,,,,42.727294921875,-73.6696014404296875,anonymous,EN,I use an iPhone with at least iOS 12 as my primary smartphone.,Yes,No,No,Female,26,Full time,White Collar,4.635,17.834,19.779,4,1,28,7.92,15.414,15.831,3,18,14,762008,Unknown
2019-07-29 14:54:01,2019-07-29 14:55:57,IP Address,99.150.227.99,100,116,True,2019-07-29 14:55:58,R_3QGksGYOp0Xr5fz,,,,,35.7613983154296875,-78.60150146484375,anonymous,EN,I use an iPhone with at least iOS 12 as my primary smartphone.,No,No,No,Male,41,Full time,White Collar,1.032,24.164,26.483,7,5,44,1.098,36.308,38.115,5,44,7,925192,Unknown
2019-07-29 15:00:33,2019-07-29 15:01:33,IP Address,208.78.15.128,100,59,True,2019-07-29 15:01:33,R_3n9tT4VEzxxkKJG,,,,,39.95440673828125,-75.16570281982421875,anonymous,EN,I use an iPhone with at least iOS 12 as my primary smartphone.,Yes,No,No,Female,40,Full time,White Collar,6.166,6.166,10.189,1,5,30,12.888,12.888,18.741,1,50,6,315519,Unknown
2019-07-29 15:00:56,2019-07-29 15:02:08,IP Address,73.218.188.47,100,72,True,2019-07-29 15:02:08,R_4T6SS9MqciFneDv,,,,,42.85589599609375,-70.93669891357421875,anonymous,EN,I use an iPhone with at least iOS 12 as my primary smartphone.,Yes,No,No,Female,57,Part time,White Collar,29.676,31.473,34.138,2,0,33,6.46,11.42,13.652,2,2,11,960428,Unknown
2019-07-29 15:01:07,2019-07-29 15:04:20,IP Address,73.120.137.125,100,193,True,2019-07-29 15:04:20,R_29h2HZoq9fOQTz5,,,,,28.8549957275390625,-81.67890167236328125,anonymous,EN,I use an iPhone with at least iOS 12 as my primary smartphone.,Yes,Yes,No,Female,28,Full time,White Collar,22.311,30.287,33.032,2,5,55,27.566,35.761,39.731,3,7,50,531048,Unknown
2019-07-29 15:02:08,2019-07-29 15:04:31,IP Address,69.27.82.130,100,143,True,2019-07-29 15:04:32,R_3ET12yVApkyJCPQ,,,,,37.2205963134765625,-82.28530120849609375,anonymous,EN,I use an iPhone with at least iOS 12 as my primary smartphone.,"No, but I have in the past",Yes,No,Female,22,Unemployed,Unemployed,21.157,32.558,37.116,6,3,14,19.034,28.578,32.698,3,34,58,999100,Unknown
2019-07-29 15:13:33,2019-07-29 15:13:49,IP Address,73.11.171.41,100,16,True,2019-07-29 15:13:50,R_2sYeGSa5pnGGxDB,,,,,47.9004974365234375,-122.24720001220703125,anonymous,EN,I use an iPhone with at least iOS 12 as my primary smartphone.,Yes,Yes,"Yes, including cellular network fees",Male,30,Full time,Blue Collar,1.036,2.195,2.955,2,100,100,0.838,1.55,2.155,2,100,100,852187,Unknown
2019-07-29 15:12:43,2019-07-29 15:15:33,IP Address,24.212.170.14,100,170,True,2019-07-29 15:15:34,R_3njcgenAn6wjGRI,,,,,43.56390380859375,-79.71720123291015625,anonymous,EN,I use an iPhone with at least iOS 12 as my primary smartphone.,Yes,Yes,No,Male,46,Unemployed,Unemployed,8.886,8.886,19.235,1,3,15,5.964,37.76,42.341,2,12,1,179692,Unknown
2019-07-29 15:14:06,2019-07-29 15:16:29,IP Address,104.5.21.103,100,143,True,2019-07-29 15:16:29,R_sdsI8D5hqHDRxD3,,,,,41.6226959228515625,-86.24520111083984375,anonymous,EN,I use an iPhone with at least iOS 12 as my primary smartphone.,"No, but I have in the past",Yes,No,Female,41,Full time,White Collar,52.378,54.698,57.284,2,0,55,24.866,28.299,33.336,2,22,4,378866,Unknown
2019-07-29 15:16:23,2019-07-29 15:18:16,IP Address,73.11.171.41,100,112,True,2019-07-29 15:18:16,R_1NaIcBFgeTwiLzT,,,,,47.9004974365234375,-122.24720001220703125,anonymous,EN,I use an iPhone with at least iOS 12 as my primary smartphone.,Yes,Yes,"Yes, including cellular network fees",Male,28,Full time,White Collar,1.973,3.03,3.666,2,10,10,0.65,3.01,3.583,2,5,7,770087,Unknown
2019-07-29 15:24:53,2019-07-29 15:26:06,IP Address,24.23.200.64,100,73,True,2019-07-29 15:26:07,R_12LQCPlXGOKCjpe,,,,,37.3303985595703125,-121.7913055419921875,anonymous,EN,I use an iPhone with at least iOS 12 as my primary smartphone.,Yes,No,No,Male,24,Unemployed,Unemployed,8.855,33.406,35.462,3,2,46,9.766,11.513,13.357,2,25,52,889753,Unknown
2019-07-29 15:35:32,2019-07-29 15:37:11,IP Address,108.64.192.39,100,98,True,2019-07-29 15:37:11,R_1JVM8SXj5OseXGG,,,,,32.8545074462890625,-97.13590240478515625,anonymous,EN,I use an iPhone with at least iOS 12 as my primary smartphone.,Yes,No,No,Female,61,Unemployed,Unemployed,34.002,38.342,41.401,2,0,4,20.64,23.984,27.506,2,3,26,567259,Unknown
2019-07-29 15:37:03,2019-07-29 15:38:21,IP Address,69.203.154.176,100,78,True,2019-07-29 15:38:22,R_3QEsV0GtyX1xAkz,,,,,40.7156982421875,-74,anonymous,EN,I use an iPhone with at least iOS 12 as my primary smartphone.,No,No,No,Male,23,Part time,Blue Collar,12.337,12.337,17.779,1,1,13,21.551,21.551,40.56,1,19,34,469930,Unknown
2019-07-29 15:44:32,2019-07-29 15:46:10,IP Address,47.41.46.244,100,97,True,2019-07-29 15:46:10,R_yDarnTBwU3Dcn1n,,,,,34.2165985107421875,-117.39080047607421875,anonymous,EN,I use an iPhone with at least iOS 12 as my primary smartphone.,Yes,No,No,Female,27,Full time,White Collar,50.378,50.378,53.586,1,1,19,9.425,9.425,15.617,1,8,22,365381,Unknown
2019-07-29 16:06:46,2019-07-29 16:08:19,IP Address,108.200.128.82,100,92,True,2019-07-29 16:08:19,R_2aaUGXQkiqoXJPI,,,,,29.5211029052734375,-98.3292999267578125,anonymous,EN,I use an iPhone with at least iOS 12 as my primary smartphone.,"No, but I have in the past",No,No,Female,53,Full time,White Collar,10.446,18.237,21.14,2,1,13,7.765,13.446,17.352,2,12,42,821792,Unknown
2019-07-29 16:06:12,2019-07-29 16:08:31,IP Address,104.138.240.224,100,138,True,2019-07-29 16:08:31,R_3k55QgLpvh57dbk,,,,,36.068206787109375,-80.2928009033203125,anonymous,EN,I use an iPhone with at least iOS 12 as my primary smartphone.,No,No,No,Female,50,Full time,White Collar,0.039,68.911,69.789,8,3,7,5.291,30.878,33.049,4,24,13,838968,Unknown
2019-07-29 16:15:02,2019-07-29 16:17:38,IP Address,103.66.79.129,100,156,True,2019-07-29 16:17:39,R_1OJgVfreq6r10QX,,,,,11.1049957275390625,77.346588134765625,anonymous,EN,I use an iPhone with at least iOS 12 as my primary smartphone.,Yes,Yes,"Yes, including cellular network fees",Male,29,Full time,White Collar,6.346,104.1,107.263,12,0,35,3.883,6.339,11.673,2,3,17,32105,Unknown
2019-07-29 16:24:04,2019-07-29 16:25:02,IP Address,172.249.72.3,100,58,True,2019-07-29 16:25:03,R_3JjVHIcMwkRo5RV,,,,,33.907501220703125,-117.78659820556640625,anonymous,EN,I use an iPhone with at least iOS 12 as my primary smartphone.,Yes,Yes,No,Male,27,Full time,Blue Collar,2.767,2.767,6.836,1,6,11,2.074,2.074,11.708,1,18,54,258056,Unknown
2019-07-29 16:28:12,2019-07-29 16:29:48,IP Address,47.221.166.118,100,95,True,2019-07-29 16:29:48,R_4M90Hg7SMKKigU1,,,,,30.4420928955078125,-97.63390350341796875,anonymous,EN,I use an iPhone with at least iOS 12 as my primary smartphone.,Yes,No,No,Male,39,Full time,Blue Collar,2.732,9.02,12.074,2,4,13,1.369,12.383,20.272,2,14,1,454507,Unknown
2019-07-29 16:27:03,2019-07-29 16:33:49,IP Address,201.81.166.145,100,406,True,2019-07-29 16:33:49,R_qE2l5q3EpxAAdZD,,,,,-23.6300048828125,-46.6322021484375,anonymous,EN,I use an iPhone with at least iOS 12 as my primary smartphone.,Yes,Yes,No,Male,65,Full time,White Collar,48.966,66.015,68.515,5,3,44,118.861,119.602,127.793,2,,1248,687908,Unknown
2019-07-29 16:42:12,2019-07-29 16:44:09,IP Address,104.14.15.106,100,117,True,2019-07-29 16:44:10,R_a499h5J0r5cqvfP,,,,,36.5818023681640625,-87.41619873046875,anonymous,EN,I use an iPhone with at least iOS 12 as my primary smartphone.,Yes,No,No,Female,24,Part time,Blue Collar,28.215,34.672,39.274,3,2,38,30.09,36.344,42.973,3,42,37,871978,Unknown
2019-07-29 17:10:14,2019-07-29 17:11:08,IP Address,64.38.129.205,100,54,True,2019-07-29 17:11:09,R_3m2KLiNS3NHhZXc,,,,,37.751007080078125,-97.82199859619140625,anonymous,EN,I use an iPhone with at least iOS 12 as my primary smartphone.,No,Yes,"Yes, but not including cellular network fees",Male,33,Full time,White Collar,0,0,1.558,0,3,2,0,0,18.089,0,24,2,97262,Unknown
2019-07-29 17:27:11,2019-07-29 17:28:48,IP Address,99.1.33.116,100,97,True,2019-07-29 17:28:49,R_shYJ8xvyOSWwZgJ,,,,,34.0240020751953125,-84.23960113525390625,anonymous,EN,I use an iPhone with at least iOS 12 as my primary smartphone.,"No, but I have in the past",No,No,Female,32,Full time,White Collar,1.36,36.71,37.196,7,0,3,3.774,8.734,11.407,2,0,3,985746,Unknown
2019-07-29 17:28:18,2019-07-29 17:32:15,IP Address,68.187.64.136,100,237,True,2019-07-29 17:32:16,R_2tzHCzeUmg3lA2T,,,,,43.081207275390625,-89.38449859619140625,anonymous,EN,I use an iPhone with at least iOS 12 as my primary smartphone.,Yes,No,No,Female,26,Full time,White Collar,49.694,130.213,132.29,4,1,19,58.864,60.518,62.714,2,17,10,27592,Unknown
2019-07-29 17:45:21,2019-07-29 17:47:07,IP Address,72.87.72.41,100,106,True,2019-07-29 17:47:07,R_2tyVkyYoqTNqQyK,,,,,41.873992919921875,-71.3843994140625,anonymous,EN,I use an iPhone with at least iOS 12 as my primary smartphone.,Yes,No,No,Female,31,Full time,White Collar,2.241,32.386,36.714,4,3,41,10.81,23.018,29.167,2,19,1,778883,Unknown
2019-07-29 17:56:17,2019-07-29 17:58:14,IP Address,73.213.233.135,100,117,True,2019-07-29 17:58:15,R_3esnIBoSmFF1Tqa,,,,,38.7678985595703125,-77.453399658203125,anonymous,EN,I use an iPhone with at least iOS 12 as my primary smartphone.,Yes,Yes,No,Female,32,Full time,White Collar,11.146,13.868,16.094,3,6,58,14.697,19.9,22.703,3,46,29,42941,Unknown
2019-07-29 18:00:17,2019-07-29 18:02:26,IP Address,99.197.97.63,100,129,True,2019-07-29 18:02:27,R_3qdFhnhc9WornzM,,,,,37.751007080078125,-97.82199859619140625,anonymous,EN,I use an iPhone with at least iOS 12 as my primary smartphone.,No,No,No,Female,44,Full time,White Collar,0,0,8.28,0,4,3,4.423,4.423,15.917,1,31,46,841066,Unknown
2019-07-29 18:00:02,2019-07-29 18:02:33,IP Address,73.154.185.74,100,150,True,2019-07-29 18:02:33,R_eE6FatwtzN1yVCF,,,,,40.566192626953125,-79.70780181884765625,anonymous,EN,I use an iPhone with at least iOS 12 as my primary smartphone.,"No, but I have in the past",No,No,Female,30,Full time,Blue Collar,1.612,77.598,82.297,8,1,22,12.582,28.876,30.367,2,,256,892383,Unknown
2019-07-29 18:07:06,2019-07-29 18:08:52,IP Address,67.4.195.184,100,105,True,2019-07-29 18:08:53,R_rfETDuY9eXixSs9,,,,,44.935394287109375,-93.169403076171875,anonymous,EN,I use an iPhone with at least iOS 12 as my primary smartphone.,Yes,No,No,Female,23,Unemployed,Unemployed,4.246,25.56,26.549,6,4,4,1.514,50.746,54.394,5,36,15,873262,Unknown
2019-07-29 18:29:15,2019-07-29 18:30:52,IP Address,174.63.208.23,100,96,True,2019-07-29 18:30:53,R_aarkxGp5W2Jcx6V,,,,,33.4485015869140625,-82.20110321044921875,anonymous,EN,I use an iPhone with at least iOS 12 as my primary smartphone.,Yes,No,No,Female,39,Full time,White Collar,50.274,52.149,54.948,2,3,21,10.184,13.114,16.178,2,38,39,885861,Unknown
2019-07-29 18:44:20,2019-07-29 18:46:12,IP Address,97.83.18.105,100,111,True,2019-07-29 18:46:12,R_enYZRZatBDXSEEN,,,,,42.278900146484375,-85.690399169921875,anonymous,EN,I use an iPhone with at least iOS 12 as my primary smartphone.,Yes,Yes,No,Female,37,Full time,Blue Collar,2.852,2.852,58.301,1,1,5,2.552,19.488,25.552,2,5,58,769765,Unknown
2019-07-29 18:54:50,2019-07-29 18:56:26,IP Address,70.27.54.117,100,96,True,2019-07-29 18:56:26,R_2CNTzY4WxZBfUNl,,,,,43.8014984130859375,-79.357696533203125,anonymous,EN,I use an iPhone with at least iOS 12 as my primary smartphone.,Yes,Yes,"Yes, including cellular network fees",Male,41,Full time,White Collar,28.434,28.434,36.1,1,4,41,1.673,6.15,16.152,2,35,36,468165,Unknown
2019-07-29 19:19:35,2019-07-29 19:22:09,IP Address,107.207.169.27,100,153,True,2019-07-29 19:22:09,R_2YzVM7shsXV99zA,,,,,37.4445953369140625,-122.183502197265625,anonymous,EN,I use an iPhone with at least iOS 12 as my primary smartphone.,Yes,No,No,Female,45,Part time,White Collar,52.674,56.577,60.08,3,2,13,8.94,34.339,39.885,4,21,28,266957,Unknown
2019-07-29 19:32:40,2019-07-29 19:34:38,IP Address,73.45.250.193,100,117,True,2019-07-29 19:34:38,R_1j9euxhoiYqkxWT,,,,,41.3361053466796875,-87.789703369140625,anonymous,EN,I use an iPhone with at least iOS 12 as my primary smartphone.,Yes,No,No,Female,30,Unemployed,Unemployed,8.342,56.395,61.185,5,4,57,7.621,13.159,14.247,3,7,28,801741,Unknown
2019-07-29 19:53:18,2019-07-29 19:55:25,IP Address,74.74.139.168,100,126,True,2019-07-29 19:55:25,R_XHvKMkDU4CqRADD,,,,,43.0908050537109375,-77.4347991943359375,anonymous,EN,I use an iPhone with at least iOS 12 as my primary smartphone.,Yes,No,No,Female,28,Full time,White Collar,3.19,64.009,67.757,7,8,13,23.15,26.816,29.29,3,48,51,908915,Unknown
2019-07-29 19:57:21,2019-07-29 19:58:31,IP Address,73.240.35.132,100,70,True,2019-07-29 19:58:32,R_2cpZG85c0rKRIAs,,,,,45.6952056884765625,-122.6540985107421875,anonymous,EN,I use an iPhone with at least iOS 12 as my primary smartphone.,Yes,No,No,Female,34,Full time,Blue Collar,19.651,19.651,25.6,1,4,25,11.362,11.362,22.33,1,8,56,814457,Unknown
2019-07-29 20:01:14,2019-07-29 20:02:14,IP Address,73.149.55.229,100,60,True,2019-07-29 20:02:15,R_Rk3E7qfTNjs7lBL,,,,,42.0928955078125,-72.52739715576171875,anonymous,EN,I use an iPhone with at least iOS 12 as my primary smartphone.,Yes,No,No,Female,25,Full time,White Collar,0.772,19.785,22.525,2,5,31,13.069,13.695,16.56,2,6,14,372268,Unknown
2019-07-29 20:42:14,2019-07-29 20:43:47,IP Address,24.62.237.41,100,92,True,2019-07-29 20:43:48,R_3FWN7dxr9U0xsN3,,,,,41.9261016845703125,-71.3011016845703125,anonymous,EN,I use an iPhone with at least iOS 12 as my primary smartphone.,"No, but I have in the past",No,No,Female,22,Part time,Blue Collar,2.044,11.725,12.209,5,4,4,2.624,14.458,15.155,4,30,13,72171,Unknown
2019-07-29 20:56:27,2019-07-29 20:57:59,IP Address,108.232.29.3,100,92,True,2019-07-29 20:58:00,R_3EyeVMM1ns3Dkq0,,,,,33.0034942626953125,-117.0695953369140625,anonymous,EN,I use an iPhone with at least iOS 12 as my primary smartphone.,Yes,No,No,Male,19,Unemployed,Unemployed,12.601,24.081,26.761,3,1,54,23.86,26.142,29.141,2,5,8,226155,Unknown
2019-07-29 21:06:20,2019-07-29 21:07:21,IP Address,73.181.157.141,100,60,True,2019-07-29 21:07:21,R_1CqoUsqNfr4d3Q8,,,,,47.6300048828125,-122.2971954345703125,anonymous,EN,I use an iPhone with at least iOS 12 as my primary smartphone.,"No, but I have in the past",No,No,Female,25,Full time,Unknown or unsure,1.961,5.457,7.8,2,0,30,1.042,21.937,22.285,3,1,30,694203,Unknown
2019-07-29 21:42:33,2019-07-29 21:44:43,IP Address,24.224.28.180,100,129,True,2019-07-29 21:44:43,R_1qX3sYdea8MkyZt,,,,,37.56939697265625,-101.71939849853515625,anonymous,EN,I use an iPhone with at least iOS 12 as my primary smartphone.,Yes,No,No,Female,32,Full time,Blue Collar,33.515,51.764,54.403,4,2,31,27.982,27.982,32.394,1,5,22,67525,Unknown
2019-07-29 22:20:28,2019-07-29 22:21:56,IP Address,72.182.14.42,100,87,True,2019-07-29 22:21:56,R_3HnLTRbpmIHmTQl,,,,,30.2133026123046875,-97.853302001953125,anonymous,EN,I use an iPhone with at least iOS 12 as my primary smartphone.,Yes,No,No,Female,23,Full time,White Collar,28.855,31.742,34.83,3,3,47,14.409,20.825,24.284,3,8,41,197258,Unknown
2019-07-29 22:35:04,2019-07-29 22:36:27,IP Address,172.116.252.71,100,83,True,2019-07-29 22:36:28,R_1hEWInWzMuENPwg,,,,,34.0717926025390625,-117.697296142578125,anonymous,EN,I use an iPhone with at least iOS 12 as my primary smartphone.,Yes,No,No,Male,33,Full time,White Collar,30.459,30.459,36.131,1,9,29,1.297,1.297,15.522,1,86,43,194042,Unknown
2019-07-29 22:36:11,2019-07-29 22:37:37,IP Address,43.242.123.43,100,86,True,2019-07-29 22:37:37,R_2ZJmr058GQQARs3,,,,,22.5525054931640625,72.9552001953125,anonymous,EN,I use an iPhone with at least iOS 12 as my primary smartphone.,Yes,Yes,No,Female,27,Full time,Blue Collar,21.231,21.231,27.855,1,1,54,16.129,16.129,21.095,1,3,30,231662,Unknown
2019-07-29 23:10:02,2019-07-29 23:11:23,IP Address,68.5.94.146,100,81,True,2019-07-29 23:11:24,R_3fJ2Fdu5NHUQZFO,,,,,33.701507568359375,-117.75279998779296875,anonymous,EN,I use an iPhone with at least iOS 12 as my primary smartphone.,Yes,No,No,Female,35,Part time,White Collar,11.978,16.266,32.175,2,9,57,4.993,14.611,25.716,2,54,50,218238,Unknown
2019-07-29 23:22:00,2019-07-29 23:23:08,IP Address,69.120.206.87,100,67,True,2019-07-29 23:23:09,R_sb5fcH24bq9s7W9,,,,,40.9571990966796875,-74.160400390625,anonymous,EN,I use an iPhone with at least iOS 12 as my primary smartphone.,"No, but I have in the past",Yes,"Yes, including cellular network fees",Female,26,Part time,Blue Collar,0.497,17.745,19.916,6,5,2,2.51,6.52,8.626,2,43,3,688751,Unknown
2019-07-29 23:28:26,2019-07-29 23:29:25,IP Address,49.207.185.146,100,59,True,2019-07-29 23:29:26,R_R9uINmuCBknJv8J,,,,,13.0845947265625,80.2484130859375,anonymous,EN,I use an iPhone with at least iOS 12 as my primary smartphone.,Yes,Yes,"Yes, including cellular network fees",Male,27,Full time,Blue Collar,4.681,4.681,11.108,1,0,35,1.51,10.095,15.147,2,3,17,80270,Unknown
2019-07-29 23:32:14,2019-07-29 23:33:21,IP Address,49.207.185.146,100,67,True,2019-07-29 23:33:22,R_2TT71Mgh9b7v06o,,,,,13.0845947265625,80.2484130859375,anonymous,EN,I use an iPhone with at least iOS 12 as my primary smartphone.,Yes,Yes,"Yes, including cellular network fees",Male,27,Full time,Blue Collar,3.782,17.062,28.447,4,10,00,9.21,14.643,18.49,3,23,4,26725,Unknown
2019-07-29 23:52:05,2019-07-29 23:54:02,IP Address,59.152.245.238,100,116,True,2019-07-29 23:54:03,R_2vhMs5GFBJDQztk,,,,,22.2908935546875,114.149993896484375,anonymous,EN,I use an iPhone with at least iOS 12 as my primary smartphone.,Yes,Yes,"Yes, including cellular network fees",Male,34,Full time,White Collar,26.269,30.46,31.892,2,2,47,11.337,24.826,33.762,2,31,8,564916,Unknown
2019-07-29 23:58:24,2019-07-30 00:00:35,IP Address,45.117.46.23,100,131,True,2019-07-30 00:00:36,R_wRkafMJf40O9OSJ,,,,,28.5735015869140625,77.32080078125,anonymous,EN,I use an iPhone with at least iOS 12 as my primary smartphone.,Yes,Yes,No,Male,34,Full time,White Collar,9.819,52.153,54.672,3,1,21,2.38,10.373,13.136,3,28,46,474048,Unknown
2019-07-30 00:05:37,2019-07-30 00:06:24,IP Address,49.207.185.146,100,47,True,2019-07-30 00:06:25,R_tGSHjwY5pCaG1Bn,,,,,13.0845947265625,80.2484130859375,anonymous,EN,I use an iPhone with at least iOS 12 as my primary smartphone.,Yes,Yes,"Yes, including cellular network fees",Male,27,Full time,Blue Collar,1.97,3.801,7.714,2,5,20,1.786,2.969,5.346,2,1,15,117475,Unknown
2019-07-30 00:47:03,2019-07-30 00:47:45,IP Address,98.181.47.140,100,41,True,2019-07-30 00:47:45,R_CfSlhfS3jFDdmIV,,,,,30.45489501953125,-90.90290069580078125,anonymous,EN,I use an iPhone with at least iOS 12 as my primary smartphone.,Yes,Yes,"Yes, including cellular network fees",Female,33,Full time,White Collar,2.531,3.49,6.184,2,1,12,2.312,2.312,11.671,1,23,14,869754,Unknown
2019-07-30 00:49:28,2019-07-30 00:52:45,IP Address,49.207.185.82,100,196,True,2019-07-30 00:52:46,R_2ZJOxSqtZbpAqWw,,,,,13.0845947265625,80.2484130859375,anonymous,EN,I use an iPhone with at least iOS 12 as my primary smartphone.,"No, but I have in the past",Yes,"Yes, including cellular network fees",Male,27,Full time,Blue Collar,4.724,43.189,45.91,19,2,35,19.494,24.844,27.463,3,3,17,56934,Unknown
2019-07-30 01:33:28,2019-07-30 01:34:51,IP Address,108.26.115.179,100,82,True,2019-07-30 01:34:51,R_3RshDgD4ycYM1A5,,,,,36.9864044189453125,-76.41649627685546875,anonymous,EN,I use an iPhone with at least iOS 12 as my primary smartphone.,Yes,No,No,Female,24,Full time,White Collar,0.48,33.098,35.278,3,3,0,10.07,12.935,16.739,2,17,7,746741,Unknown
2019-07-30 02:07:49,2019-07-30 02:11:07,IP Address,49.33.248.117,100,198,True,2019-07-30 02:11:08,R_3HAnbUeudOeQ0lv,,,,,18.98779296875,72.836395263671875,anonymous,EN,I use an iPhone with at least iOS 12 as my primary smartphone.,Yes,Yes,"Yes, but not including cellular network fees",Female,29,Full time,Blue Collar,1.03,53.271,53.857,8,44,74,9.494,9.494,18.384,1,2,15,545818,Unknown
2019-07-30 02:08:20,2019-07-30 02:21:18,IP Address,49.33.248.117,100,778,True,2019-07-30 02:21:19,R_2YRFUlC7L7Xp6Cz,,,,,18.98779296875,72.836395263671875,anonymous,EN,I use an iPhone with at least iOS 12 as my primary smartphone.,Yes,Yes,"Yes, but not including cellular network fees",Male,31,Full time,Blue Collar,59.575,75.759,78.998,7,,45,1.431,9.069,490.526,5,2,10,521089,
2019-07-30 02:09:04,2019-07-30 02:21:45,IP Address,49.33.248.117,100,761,True,2019-07-30 02:21:46,R_1lp17mOhQrUJBJS,,,,,18.98779296875,72.836395263671875,anonymous,EN,I use an iPhone with at least iOS 12 as my primary smartphone.,Yes,Yes,"Yes, including cellular network fees",Male,33,Full time,Blue Collar,0,0,2.119,0,,40,1.44,4.72,474.702,2,2,20,373043,
2019-07-30 02:12:21,2019-07-30 02:22:10,IP Address,49.33.248.117,100,589,True,2019-07-30 02:22:11,R_3IQuwYPCMmSUTte,,,,,18.98779296875,72.836395263671875,anonymous,EN,I use an iPhone with at least iOS 12 as my primary smartphone.,Yes,Yes,"Yes, but not including cellular network fees",Female,29,Full time,Blue Collar,0,0,7.442,0,,50,0.197,5.741,451.429,3,2,45,192232,
2019-07-30 03:14:34,2019-07-30 03:15:07,IP Address,174.233.0.52,100,33,True,2019-07-30 03:15:08,R_1fmgfw0sj7XkzWL,,,,,39.5630035400390625,-84.22879791259765625,anonymous,EN,I use an iPhone with at least iOS 12 as my primary smartphone.,Yes,No,No,Male,39,Full time,White Collar,0,0,3.268,0,0,20,0,0,3.624,0,2,30,769803,Unknown
2019-07-30 03:39:49,2019-07-30 03:40:56,IP Address,24.147.237.248,100,67,True,2019-07-30 03:40:57,R_27lly5TJe2o88wF,,,,,42.4810028076171875,-71.15630340576171875,anonymous,EN,I use an iPhone with at least iOS 12 as my primary smartphone.,Yes,No,No,Male,61,Full time,White Collar,2.416,23.709,25.931,2,0,9,6.711,9.141,12.242,2,2,51,36932,Unknown
2019-07-30 04:19:18,2019-07-30 04:21:08,IP Address,69.115.99.73,100,109,True,2019-07-30 04:21:08,R_3GqgKK3Ec8pwkgw,,,,,40.5449066162109375,-74.3516998291015625,anonymous,EN,I use an iPhone with at least iOS 12 as my primary smartphone.,Yes,Yes,"Yes, including cellular network fees",Male,27,Full time,White Collar,5.017,54.129,56.811,4,0,40,2.837,19.656,22.992,5,11,42,883290,Unknown
2019-07-30 04:24:24,2019-07-30 04:27:21,IP Address,89.207.90.2,100,176,True,2019-07-30 04:27:21,R_2YE5uLSQBE7VLz4,,,,,55.7527008056640625,37.6172027587890625,anonymous,EN,I use an iPhone with at least iOS 12 as my primary smartphone.,Yes,Yes,No,Male,47,Full time,White Collar,54.21,76.322,77.594,2,1,1,7.583,22.175,32.382,2,15,40,719432,Unknown
2019-07-30 05:51:06,2019-07-30 05:53:50,IP Address,172.93.125.141,100,163,True,2019-07-30 05:53:51,R_07cPcQzPjkThTAB,,,,,45.93280029296875,-60.643798828125,anonymous,EN,I use an iPhone with at least iOS 12 as my primary smartphone.,Yes,Yes,"Yes, including cellular network fees",Male,29,Full time,Blue Collar,43.709,65.285,77.107,2,0,35,39.936,41.665,43.956,2,5,48,758458,Unknown
2019-07-30 05:57:11,2019-07-30 05:58:53,IP Address,97.81.149.142,100,102,True,2019-07-30 05:58:54,R_1OYWsItJzWubF2v,,,,,36.5240020751953125,-82.51629638671875,anonymous,EN,I use an iPhone with at least iOS 12 as my primary smartphone.,Yes,No,No,Female,26,Full time,White Collar,27.184,27.184,29.885,1,1,20,3.533,3.533,36.424,1,9,28,261700,Unknown
2019-07-30 05:59:35,2019-07-30 06:02:37,IP Address,161.97.235.219,100,181,True,2019-07-30 06:02:38,R_Xhne9jLFsvKh5hT,,,,,40.17730712890625,-105.10089874267578125,anonymous,EN,I use an iPhone with at least iOS 12 as my primary smartphone.,Yes,No,No,Female,40,Full time,White Collar,86.004,111.795,113.661,5,0,55,28.282,40.649,42.569,3,60,15,753195,Unknown
2019-07-30 06:05:13,2019-07-30 06:08:08,IP Address,103.195.201.180,100,175,True,2019-07-30 06:08:09,R_PtjjfPPbh8K2c2B,,,,,18.98779296875,72.836395263671875,anonymous,EN,I use an iPhone with at least iOS 12 as my primary smartphone.,Yes,Yes,No,Female,42,Full time,White Collar,31.281,51.716,56.479,5,3,45,1.975,17.175,20.208,5,41,52,341042,Unknown
2019-07-30 05:56:01,2019-07-30 06:11:36,IP Address,71.8.81.80,100,934,True,2019-07-30 06:11:37,R_PIoDIGFpYFXgPkJ,,,,,33.3791961669921875,-86.6968994140625,anonymous,EN,I use an iPhone with at least iOS 12 as my primary smartphone.,No,No,No,Female,50,Unemployed,Unemployed,13.271,16.741,21.53,2,1,10,835.737,838.853,843.419,2,3,15,137046,Unknown
2019-07-30 06:13:25,2019-07-30 06:14:18,IP Address,115.98.45.137,100,53,True,2019-07-30 06:14:19,R_3FIl8pTzZdsozlT,,,,,17.4333953857421875,78.411102294921875,anonymous,EN,I use an iPhone with at least iOS 12 as my primary smartphone.,Yes,Yes,"Yes, including cellular network fees",Male,33,Part time,Blue Collar,3.6,6.129,9.913,2,6,30,1.763,5.06,8.069,2,10,30,724397,Unknown
2019-07-30 06:41:44,2019-07-30 06:42:30,IP Address,136.2.17.163,100,45,True,2019-07-30 06:42:30,R_T1O8PlFiKIvgE9z,,,,,42.2931060791015625,-83.25479888916015625,anonymous,EN,I use an iPhone with at least iOS 12 as my primary smartphone.,Yes,Yes,"Yes, including cellular network fees",Male,30,Full time,Blue Collar,1.599,5.392,6.159,6,2,5,1.996,2.484,12.876,2,49,0,987519,Unknown
2019-07-30 07:00:56,2019-07-30 07:03:53,IP Address,24.230.59.137,100,177,True,2019-07-30 07:03:53,R_2ysElJ6HaGVpboP,,,,,43.476593017578125,-96.7052001953125,anonymous,EN,I use an iPhone with at least iOS 12 as my primary smartphone.,Yes,No,No,Female,55,Unemployed,Unemployed,69.733,72.061,76.634,2,0,31,60.497,63.185,67.014,2,5,24,709506,Unknown
2019-07-30 07:07:58,2019-07-30 07:09:14,IP Address,198.53.41.132,100,76,True,2019-07-30 07:09:14,R_1kFbQ3CRQoQdJFM,,,,,55.1302947998046875,-118.7946014404296875,anonymous,EN,I use an iPhone with at least iOS 12 as my primary smartphone.,Yes,Yes,"Yes, including cellular network fees",Male,24,Full time,White Collar,22.178,23.729,26.838,2,0,16,7.98,12.641,18.882,2,15,28,610196,Unknown
2019-07-30 07:14:07,2019-07-30 07:15:31,IP Address,73.164.33.143,100,84,True,2019-07-30 07:15:31,R_2ux3JBd69e2zrUG,,,,,44.8307952880859375,-92.939300537109375,anonymous,EN,I use an iPhone with at least iOS 12 as my primary smartphone.,Yes,No,No,Female,23,Full time,White Collar,14.714,14.714,16.999,1,0,45,30.42,30.42,37.056,1,6,40,547945,Unknown
2019-07-30 07:22:04,2019-07-30 07:23:08,IP Address,70.95.40.142,100,64,True,2019-07-30 07:23:08,R_2wTgn5fKTZ2KGOq,,,,,32.7993927001953125,-117.1685943603515625,anonymous,EN,I use an iPhone with at least iOS 12 as my primary smartphone.,Yes,No,No,Female,32,Full time,White Collar,1.023,1.023,23.77,1,0,35,10.16,10.16,16.075,1,6,10,474959,Unknown
2019-07-30 07:25:41,2019-07-30 07:28:42,IP Address,74.115.79.223,100,180,True,2019-07-30 07:28:42,R_Q3P8UNqkGEWU0ZX,,,,,42.4174041748046875,-74.60980224609375,anonymous,EN,I use an iPhone with at least iOS 12 as my primary smartphone.,Yes,No,No,Male,38,Full time,White Collar,25.806,25.806,54.646,1,0,1,17.967,17.967,21.486,1,0,0,507474,Unknown
2019-07-30 07:40:55,2019-07-30 07:42:50,IP Address,204.10.47.250,100,115,True,2019-07-30 07:42:51,R_VWmHjQnCLiXZZpn,,,,,35.1591033935546875,-85.21820068359375,anonymous,EN,I use an iPhone with at least iOS 12 as my primary smartphone.,Yes,No,No,Female,35,Full time,White Collar,13.896,18.943,20.509,2,1,13,14.283,27.799,30.488,2,38,23,979640,Unknown
2019-07-30 07:44:52,2019-07-30 07:46:46,IP Address,64.121.151.30,100,113,True,2019-07-30 07:46:46,R_1GvFKxIJDblWIfK,,,,,40.656097412109375,-75.2335968017578125,anonymous,EN,I use an iPhone with at least iOS 12 as my primary smartphone.,Yes,Yes,"Yes, including cellular network fees",Male,36,Full time,White Collar,5.507,5.507,30.277,1,0,59,16.15,16.15,44.697,1,16,44,667794,Unknown
2019-07-30 07:46:36,2019-07-30 07:47:27,IP Address,71.192.157.189,100,50,True,2019-07-30 07:47:27,R_AO2N14e4FBz0HbX,,,,,42.64959716796875,-71.92669677734375,anonymous,EN,I use an iPhone with at least iOS 12 as my primary smartphone.,Yes,No,No,Male,31,Full time,White Collar,0.789,0.789,7.91,1,1,3,0.794,1.257,10.674,2,5,43,430553,Unknown
2019-07-30 07:51:32,2019-07-30 07:53:53,IP Address,173.68.90.51,100,141,True,2019-07-30 07:53:54,R_eloiSvsM1xYveOB,,,,,40.6002044677734375,-74.1468963623046875,anonymous,EN,I use an iPhone with at least iOS 12 as my primary smartphone.,Yes,Yes,"Yes, but not including cellular network fees",Female,24,Full time,White Collar,6.694,15.006,16.866,3,2,27,2.038,4.774,6.906,2,33,21,120372,Unknown
2019-07-30 08:02:53,2019-07-30 08:04:12,IP Address,170.140.214.57,100,79,True,2019-07-30 08:04:12,R_0fiAiKuIko9EsaR,,,,,33.795196533203125,-84.324798583984375,anonymous,EN,I use an iPhone with at least iOS 12 as my primary smartphone.,Yes,No,No,Female,42,Full time,White Collar,15.634,19.546,21.622,2,1,1,4.33,26.736,28.829,2,35,57,832692,Unknown
2019-07-30 08:10:45,2019-07-30 08:13:08,IP Address,64.53.199.159,100,143,True,2019-07-30 08:13:09,R_SCeyIUppRgWGBA5,,,,,42.0128021240234375,-88.09670257568359375,anonymous,EN,I use an iPhone with at least iOS 12 as my primary smartphone.,No,No,No,Female,34,Part time,White Collar,1.265,33.174,52.799,5,0,39,1.675,45.681,45.733,4,8,12,822449,Unknown
2019-07-30 08:14:57,2019-07-30 08:16:35,IP Address,68.82.74.124,100,97,True,2019-07-30 08:16:35,R_bDbahXASS7myEV3,,,,,40.2104034423828125,-74.82779693603515625,anonymous,EN,I use an iPhone with at least iOS 12 as my primary smartphone.,No,No,No,Male,32,Unemployed,White Collar,54.906,54.906,58.122,1,0,.5,10.195,10.195,13.532,1,0,0,377892,Unknown
2019-07-30 08:27:37,2019-07-30 08:28:29,IP Address,72.82.238.72,100,51,True,2019-07-30 08:28:29,R_000iOMfhiD1merv,,,,,40.2660064697265625,-74.521697998046875,anonymous,EN,I use an iPhone with at least iOS 12 as my primary smartphone.,No,No,No,Female,25,Full time,Blue Collar,7.216,8.166,9.743,2,2,14,6.995,6.995,21.86,1,18,3,42815,Unknown
2019-07-30 09:04:49,2019-07-30 09:09:58,IP Address,98.118.36.39,100,308,True,2019-07-30 09:09:58,R_8DhIendQp8oqC3v,,,,,42.3986053466796875,-71.2451019287109375,anonymous,EN,I use an iPhone with at least iOS 12 as my primary smartphone.,Yes,No,No,Female,25,Full time,White Collar,14.758,14.758,20.426,1,3,8,11.838,38.724,43.39,14,49,33,402315,Unknown
2019-07-30 09:30:11,2019-07-30 09:37:16,IP Address,107.184.35.93,100,424,True,2019-07-30 09:37:16,R_w1WZkURl4JC1lEB,,,,,34.074005126953125,-118.26110076904296875,anonymous,EN,I use an iPhone with at least iOS 12 as my primary smartphone.,Yes,Yes,No,Female,34,Full time,White Collar,176.784,201.493,204.011,3,1,19,7.388,10.03,12.914,2,6,27,275155,Unknown
2019-07-30 09:47:26,2019-07-30 09:51:16,IP Address,69.137.102.39,100,229,True,2019-07-30 09:51:16,R_ReJts68jvZPG1sl,,,,,36.07110595703125,-86.71959686279296875,anonymous,EN,I use an iPhone with at least iOS 12 as my primary smartphone.,No,No,No,Female,69,Part time,White Collar,7.026,178.068,179.666,44,0,20,4.617,12.55,13.984,4,6,22,54271,Unknown
2019-07-30 09:57:05,2019-07-30 09:58:08,IP Address,49.207.185.82,100,63,True,2019-07-30 09:58:08,R_2R47Lejv0jITAhY,,,,,13.0845947265625,80.2484130859375,anonymous,EN,I use an iPhone with at least iOS 12 as my primary smartphone.,Yes,Yes,"Yes, including cellular network fees",Female,28,Full time,White Collar,13.233,13.233,14.269,1,5,25,8.246,8.373,14.518,2,5,30,361391,Unknown
2019-07-30 10:02:43,2019-07-30 10:04:14,IP Address,173.23.118.83,100,91,True,2019-07-30 10:04:14,R_29cVMvWkmz59lep,,,,,40.8087005615234375,-91.11699676513671875,anonymous,EN,I use an iPhone with at least iOS 12 as my primary smartphone.,"No, but I have in the past",No,No,Female,31,Unemployed,Unemployed,28.064,32.546,34.735,2,0,39,17.802,20.307,23.296,2,2,34,477191,Unknown
2019-07-30 10:10:34,2019-07-30 10:12:19,IP Address,4.15.248.134,100,105,True,2019-07-30 10:12:19,R_1kZwvOL7EC8tPB8,,,,,41.8798065185546875,-87.62850189208984375,anonymous,EN,I use an iPhone with at least iOS 12 as my primary smartphone.,Yes,No,No,Male,33,Full time,White Collar,44.117,47.86,52.015,3,1,36,23.146,23.146,27.059,1,32,49,603360,Unknown
2019-07-30 10:50:28,2019-07-30 10:51:52,IP Address,96.36.30.98,100,83,True,2019-07-30 10:51:53,R_1I42IE4vr0HJ2n8,,,,,42.789306640625,-83.7135009765625,anonymous,EN,I use an iPhone with at least iOS 12 as my primary smartphone.,"No, but I have in the past",No,No,Male,36,Full time,Blue Collar,25.1,27.421,30.001,2,2,38,18.908,21.207,27.132,2,21,36,675703,Unknown
2019-07-30 10:57:44,2019-07-30 10:58:43,IP Address,96.38.206.45,100,59,True,2019-07-30 10:58:44,R_3lVPJZpCYu43BNU,,,,,33.02490234375,-84.95770263671875,anonymous,EN,I use an iPhone with at least iOS 12 as my primary smartphone.,Yes,Yes,"Yes, including cellular network fees",Female,31,Part time,White Collar,2.151,7.74,11.499,2,6,3,2.308,7.843,11.026,2,15,20,371485,Unknown
2019-07-30 11:24:55,2019-07-30 11:26:16,IP Address,73.160.192.247,100,81,True,2019-07-30 11:26:16,R_5d8KdjFnromokxP,,,,,40.2993011474609375,-73.98909759521484375,anonymous,EN,I use an iPhone with at least iOS 12 as my primary smartphone.,Yes,Yes,No,Female,41,Full time,Blue Collar,15.637,22.773,26.026,2,1,45,6.091,8.307,18.813,2,4,30,557364,Unknown
2019-07-30 11:24:11,2019-07-30 11:26:23,IP Address,35.136.105.139,100,132,True,2019-07-30 11:26:24,R_1qUTAqUrWTPJNb6,,,,,28.3022003173828125,-82.62640380859375,anonymous,EN,I use an iPhone with at least iOS 12 as my primary smartphone.,Yes,No,No,Female,69,Part time,White Collar,11.242,20.827,24.533,4,0,14,21.207,29.368,32.345,3,3,33,744021,Unknown
2019-07-30 11:28:54,2019-07-30 11:29:45,IP Address,32.208.144.218,100,51,True,2019-07-30 11:29:46,R_xf1yQSjMINJ8Txn,,,,,41.685302734375,-72.92960357666015625,anonymous,EN,I use an iPhone with at least iOS 12 as my primary smartphone.,Yes,No,No,Male,37,Full time,White Collar,19.659,21.444,23.263,2,1,27,3.279,5.03,6.729,2,3,45,911564,Unknown
2019-07-30 11:32:30,2019-07-30 11:35:09,IP Address,136.49.152.253,100,158,True,2019-07-30 11:35:09,R_2V8e8tcpAmp8uIj,,,,,30.2303924560546875,-97.72429656982421875,anonymous,EN,I use an iPhone with at least iOS 12 as my primary smartphone.,Yes,Yes,No,Female,53,Full time,Blue Collar,81.629,84.328,92.773,2,0,58,18.666,34.234,34.867,6,60,4,249470,Unknown
2019-07-30 11:43:04,2019-07-30 11:44:01,IP Address,27.62.112.178,100,57,True,2019-07-30 11:44:02,R_238hBtGcsAxLKri,,,,,13.0845947265625,80.2484130859375,anonymous,EN,I use an iPhone with at least iOS 12 as my primary smartphone.,Yes,Yes,"Yes, including cellular network fees",Female,28,Full time,Blue Collar,2.376,2.376,7.877,1,5,26,1.013,3.78,5.667,2,4,35,361314,Unknown
2019-07-30 11:54:21,2019-07-30 11:55:01,IP Address,76.65.245.25,100,40,True,2019-07-30 11:55:02,R_sZjRDbypc90fixP,,,,,45.5099945068359375,-73.566497802734375,anonymous,EN,I use an iPhone with at least iOS 12 as my primary smartphone.,Yes,Yes,No,Male,21,Part time,White Collar,0.926,2.67,3.529,2,4,32,3.327,6.799,7.642,2,21,2,124905,Unknown
2019-07-30 12:06:20,2019-07-30 12:07:43,IP Address,204.238.72.100,100,82,True,2019-07-30 12:07:43,R_1P7u3ZJsJQzxxio,,,,,31.837799072265625,-106.53800201416015625,anonymous,EN,I use an iPhone with at least iOS 12 as my primary smartphone.,Yes,Yes,"Yes, including cellular network fees",Male,43,Full time,White Collar,17.241,22.434,24.838,2,1,55,1.581,24.781,30.41,3,21,54,612500,Unknown
2019-07-30 12:12:19,2019-07-30 12:15:15,IP Address,98.158.242.168,100,175,True,2019-07-30 12:15:15,R_30hR3VQkMT9VFOv,,,,,32.7787017822265625,-96.8217010498046875,anonymous,EN,I use an iPhone with at least iOS 12 as my primary smartphone.,No,No,No,Female,37,Full time,White Collar,64.233,64.233,70.599,1,,1,9.867,10.315,20.641,2,,1,86519,
2019-07-30 12:20:04,2019-07-30 12:21:44,IP Address,65.181.53.170,100,99,True,2019-07-30 12:21:44,R_ZESG8Bbj2myybbX,,,,,29.1383056640625,-80.99559783935546875,anonymous,EN,I use an iPhone with at least iOS 12 as my primary smartphone.,Yes,No,No,Female,30,Full time,White Collar,0.783,32.073,34.495,2,3,28,12.764,30.948,31.803,3,28,30,80367,Unknown
2019-07-30 12:24:56,2019-07-30 12:26:49,IP Address,104.219.177.50,100,113,True,2019-07-30 12:26:49,R_yEg2LsuBhPx13AR,,,,,26.8238067626953125,-80.1407012939453125,anonymous,EN,I use an iPhone with at least iOS 12 as my primary smartphone.,Yes,No,No,Female,31,Full time,White Collar,5.378,48.823,52.04,4,4,16,19.893,28.724,30.619,3,44,7,185471,Unknown
2019-07-30 12:25:46,2019-07-30 12:26:56,IP Address,68.2.210.220,100,70,True,2019-07-30 12:26:57,R_2wMrtEK1ZldudtG,,,,,33.3907928466796875,-111.91840362548828125,anonymous,EN,I use an iPhone with at least iOS 12 as my primary smartphone.,Yes,No,No,Female,47,Full time,White Collar,21.239,22.82,24.628,2,2,9,11.255,18.692,20.575,2,31,20,183574,Unknown
2019-07-30 12:41:01,2019-07-30 12:42:53,IP Address,73.141.232.103,100,111,True,2019-07-30 12:42:53,R_11hnEcD2IeEGJvp,,,,,39.9217987060546875,-75.28759765625,anonymous,EN,I use an iPhone with at least iOS 12 as my primary smartphone.,Yes,No,No,Female,31,Part time,White Collar,35.425,41.462,45.334,2,4,7,2.314,13.641,20.482,2,5,44,649306,Unknown
2019-07-30 12:39:12,2019-07-30 12:46:31,IP Address,173.206.144.27,100,439,True,2019-07-30 12:46:46,R_3HGKsYHWLUI1muL,,,,,43.5482940673828125,-80.2510986328125,anonymous,EN,I use an iPhone with at least iOS 12 as my primary smartphone.,Yes,Yes,"Yes, including cellular network fees",Male,53,Full time,White Collar,2.131,6.99,10.897,2,6,32,24.259,379.391,394.855,4,2580,43,696873,Unknown
2019-07-30 12:46:39,2019-07-30 12:48:18,IP Address,165.214.11.71,100,98,True,2019-07-30 12:48:18,R_2whrHw2kL0D9YQS,,,,,36.1670989990234375,-86.786102294921875,anonymous,EN,I use an iPhone with at least iOS 12 as my primary smartphone.,Yes,No,No,Male,27,Full time,White Collar,28.41,33.406,35.393,2,3,41,1.214,14.624,36.23,3,29,4,234154,Unknown
2019-07-30 12:52:51,2019-07-30 12:53:54,IP Address,151.132.206.250,100,62,True,2019-07-30 12:53:54,R_2xE6qm8RE4Be77h,,,,,26.6641998291015625,-80.1732025146484375,anonymous,EN,I use an iPhone with at least iOS 12 as my primary smartphone.,"No, but I have in the past",Yes,"Yes, including cellular network fees",Female,21,Full time,White Collar,7.448,22.961,23.633,5,6,15,4.112,7.371,9.544,2,50,15,942038,Unknown
2019-07-30 14:46:53,2019-07-30 14:48:24,IP Address,209.5.70.103,100,91,True,2019-07-30 14:48:25,R_pt9DLzDXSCcbu13,,,,,43.6591033935546875,-79.4626007080078125,anonymous,EN,I use an iPhone with at least iOS 12 as my primary smartphone.,Yes,Yes,"Yes, including cellular network fees",Male,31,Full time,White Collar,4.933,24.691,28.484,2,2,31,8.312,21.608,37.844,2,25,,422411,Unknown
2019-07-30 15:00:17,2019-07-30 15:01:27,IP Address,45.30.233.113,100,69,True,2019-07-30 15:01:27,R_3OcY7vvCESQbIYS,,,,,32.3704986572265625,-90.17459869384765625,anonymous,EN,I use an iPhone with at least iOS 12 as my primary smartphone.,"No, but I have in the past",No,No,Male,28,Full time,White Collar,23.409,23.409,27.783,1,3,18,3.154,3.154,15.051,1,28,41,718654,Unknown
2019-07-30 14:57:09,2019-07-30 15:02:44,IP Address,68.111.179.247,100,335,True,2019-07-30 15:02:45,R_W9EEAyhzdrJILo5,,,,,33.1096954345703125,-117.0670013427734375,anonymous,EN,I use an iPhone with at least iOS 12 as my primary smartphone.,Yes,No,No,Female,59,Unemployed,Unemployed,47.402,61.516,69.859,3,10,50,6.333,135.562,158.713,6,,2102,521179,Unknown
2019-07-30 15:19:02,2019-07-30 15:20:24,IP Address,24.224.72.159,100,82,True,2019-07-30 15:20:24,R_2XbV7puYlv08g6B,,,,,35.4739990234375,-80.87290191650390625,anonymous,EN,I use an iPhone with at least iOS 12 as my primary smartphone.,Yes,Yes,No,Female,25,Part time,Unknown or unsure,11.98,18.269,20.279,3,6,15,8.405,20.911,23.656,4,66,23,900507,Unknown
2019-07-30 15:23:43,2019-07-30 15:24:45,IP Address,172.56.12.214,100,61,True,2019-07-30 15:24:45,R_10MC5sLsjGGfZzt,,,,,41.848297119140625,-87.651702880859375,anonymous,EN,I use an iPhone with at least iOS 12 as my primary smartphone.,Yes,Yes,"Yes, including cellular network fees",Male,27,Full time,White Collar,4.464,5.611,5.662,2,7,35,1.641,7.625,13.044,3,26,10,478617,Unknown
2019-07-30 16:45:30,2019-07-30 16:48:20,IP Address,68.59.115.94,100,170,True,2019-07-30 16:48:20,R_2XhQTliUaMZa5SY,,,,,31.2653045654296875,-85.399200439453125,anonymous,EN,I use an iPhone with at least iOS 12 as my primary smartphone.,Yes,Yes,"Yes, including cellular network fees",Male,38,Full time,White Collar,3.474,35.605,36.528,7,4,42,1.548,21.384,22.302,5,6,40,602419,Unknown
2019-07-30 17:12:52,2019-07-30 17:14:59,IP Address,69.14.189.208,100,126,True,2019-07-30 17:14:59,R_3en5KTaUuRCYu7k,,,,,40.053497314453125,-83.01869964599609375,anonymous,EN,I use an iPhone with at least iOS 12 as my primary smartphone.,Yes,No,No,Female,39,Full time,Blue Collar,3.283,75.921,79.264,2,2,59,8.381,8.381,18.478,1,28,54,965343,Unknown
2019-07-30 18:04:56,2019-07-30 18:07:23,IP Address,68.44.42.169,100,147,True,2019-07-30 18:07:24,R_wKSFcJcFmfglhzH,,,,,39.908599853515625,-86.121002197265625,anonymous,EN,I use an iPhone with at least iOS 12 as my primary smartphone.,Yes,No,No,Female,34,Full time,White Collar,2.283,44.261,48.151,3,6,29,24.338,33.121,34.707,3,55,58,598389,Unknown
2019-07-30 18:44:42,2019-07-30 18:46:03,IP Address,174.209.12.70,100,80,True,2019-07-30 18:46:03,R_a3sjMh6fGItRJx7,,,,,39.7321014404296875,-104.95549774169921875,anonymous,EN,I use an iPhone with at least iOS 12 as my primary smartphone.,Yes,No,No,Male,19,Unemployed,Unemployed,11.91,11.91,13.084,1,8,55,6.152,7.521,11.333,2,6,27,114452,Unknown
2019-07-30 20:24:49,2019-07-30 20:27:02,IP Address,24.113.222.1,100,132,True,2019-07-30 20:27:02,R_RR04tX7GaxZGbOV,,,,,47.424102783203125,-122.57450103759765625,anonymous,EN,I use an iPhone with at least iOS 12 as my primary smartphone.,No,No,No,Female,29,Part time,Blue Collar,55.601,59.608,67.661,2,6,59,8.56,14.481,19.154,2,6,36,194308,Unknown
2019-07-30 20:57:10,2019-07-30 20:58:45,IP Address,116.90.122.194,100,94,True,2019-07-30 20:58:45,R_1QMZbEej2yNgkJw,,,,,31.49090576171875,74.36810302734375,anonymous,EN,I use an iPhone with at least iOS 12 as my primary smartphone.,Yes,Yes,No,Male,30,Full time,White Collar,46.678,46.678,55.282,1,0,28,1.892,2.172,7.944,2,4,10,259042,Unknown
2019-07-30 21:46:25,2019-07-30 21:48:44,IP Address,208.38.252.98,100,139,True,2019-07-30 21:48:45,R_2s7nBWzNRBqoYJr,,,,,38.67340087890625,-87.50980377197265625,anonymous,EN,I use an iPhone with at least iOS 12 as my primary smartphone.,Yes,No,No,Female,32,Full time,White Collar,34.454,34.454,73.762,1,0,39,15.237,15.237,30.124,1,44,13,822045,Unknown
2019-07-30 23:40:40,2019-07-30 23:41:32,IP Address,80.15.169.37,100,52,True,2019-07-30 23:41:33,R_2aer3D56966NEEU,,,,,48.8582000732421875,2.3386993408203125,anonymous,EN,I use an iPhone with at least iOS 12 as my primary smartphone.,Yes,Yes,No,Male,25,Full time,White Collar,6.945,9.535,11.35,2,2,14,5.36,5.36,15.977,1,1,35,301868,Unknown
2019-07-31 00:23:40,2019-07-31 00:25:29,IP Address,131.172.30.137,100,108,True,2019-07-31 00:25:30,R_1LOqiP37oK4APAF,,,,,-37.7238006591796875,145.074493408203125,anonymous,EN,I use an iPhone with at least iOS 12 as my primary smartphone.,Yes,No,No,Female,22,Full time,White Collar,21.699,23.263,25.91,2,6,22,1.565,33.542,46.689,4,41,23,670042,Unknown
2019-07-31 06:07:24,2019-07-31 06:08:27,IP Address,120.147.10.47,100,63,True,2019-07-31 06:08:28,R_2YDP1xmN8x1JwQQ,,,,,-37.5756988525390625,144.719390869140625,anonymous,EN,I use an iPhone with at least iOS 12 as my primary smartphone.,No,No,No,Male,18,Unemployed,Unemployed,7.387,8.197,9.768,2,2,36,3.596,6.628,12.523,2,18,29,91153,Unknown
2019-07-31 06:45:16,2019-07-31 06:46:44,IP Address,81.153.94.226,100,88,True,2019-07-31 06:46:45,R_3nfxptDBzYgoynW,,,,,51.748199462890625,-0.4326019287109375,anonymous,EN,I use an iPhone with at least iOS 12 as my primary smartphone.,Yes,Yes,No,Female,25,Full time,White Collar,21.022,36.851,39.708,3,2,49,16.079,19.358,21.658,2,45,4,331463,Unknown
2019-07-31 07:35:35,2019-07-31 07:37:10,IP Address,90.76.143.83,100,94,True,2019-07-31 07:37:10,R_2dKKBFALiqHW8wC,,,,,43.6045989990234375,1.445098876953125,anonymous,EN,I use an iPhone with at least iOS 12 as my primary smartphone.,Yes,No,No,Male,47,Full time,White Collar,3.488,17.557,21.698,4,1,02,4.501,9.941,14.165,2,4,23,986925,Unknown
2019-07-31 08:54:20,2019-07-31 08:55:29,IP Address,59.96.42.123,100,69,True,2019-07-31 08:55:30,R_3EYKfNmJrj2IReW,,,,,8.485504150390625,76.949188232421875,anonymous,EN,I use an iPhone with at least iOS 12 as my primary smartphone.,Yes,Yes,"Yes, including cellular network fees",Female,34,Full time,Blue Collar,0.098,12.925,19.424,6,4,60,0.606,5.429,9.259,3,5,10,799067,Unknown
2019-07-31 09:26:30,2019-07-31 09:28:17,IP Address,95.232.199.181,100,107,True,2019-07-31 09:28:18,R_3elaI8U9OrMYo16,,,,,44.3090057373046875,8.477203369140625,anonymous,EN,I use an iPhone with at least iOS 12 as my primary smartphone.,Yes,No,No,Male,15,Unemployed,Unemployed,46.445,57.897,59.786,5,2,42,0.548,16.04,18.369,5,18,10,68641,Unknown
2019-07-31 10:05:26,2019-07-31 10:07:43,IP Address,23.121.106.10,100,137,True,2019-07-31 10:07:44,R_24oPL1vPO7lTGSW,,,,,35.160003662109375,-89.77680206298828125,anonymous,EN,I use an iPhone with at least iOS 12 as my primary smartphone.,Yes,No,No,Female,46,Full time,Blue Collar,29.171,29.171,59.037,1,,49,2.334,38.877,43.845,5,,320,957821,
2019-07-31 12:41:00,2019-07-31 12:42:48,IP Address,98.239.254.209,100,107,True,2019-07-31 12:42:48,R_6Gz8Akh7N4HPLu9,,,,,40.269195556640625,-80.161102294921875,anonymous,EN,I use an iPhone with at least iOS 12 as my primary smartphone.,Yes,No,No,Female,32,Part time,White Collar,21.443,31.421,41.401,2,3,38,11.358,25.657,35.443,4,39,11,767094,Unknown
2019-07-31 12:55:30,2019-07-31 12:57:22,IP Address,96.47.130.140,100,111,True,2019-07-31 12:57:22,R_1FxgxQ1DDRXt2g4,,,,,39.322296142578125,-74.600799560546875,anonymous,EN,I use an iPhone with at least iOS 12 as my primary smartphone.,Yes,No,"Yes, including cellular network fees",Female,24,Full time,White Collar,37.279,40.055,42.536,2,3,3,12.085,23.708,30.405,2,33,50,626577,Unknown
2019-07-31 13:57:53,2019-07-31 13:59:30,IP Address,72.83.169.250,100,97,True,2019-07-31 13:59:31,R_3qPUjEW1eYUMTUt,,,,,38.8574066162109375,-77.09999847412109375,anonymous,EN,I use an iPhone with at least iOS 12 as my primary smartphone.,Yes,No,No,Female,39,Full time,Unknown or unsure,15.763,24.739,27.058,2,2,26,3.754,38.803,40.984,6,28,27,824164,Unknown
2019-07-31 14:25:23,2019-07-31 14:27:06,IP Address,71.246.223.102,100,102,True,2019-07-31 14:27:06,R_2Vwlk9mimzSoYja,,,,,39.1360931396484375,-77.28240203857421875,anonymous,EN,I use an iPhone with at least iOS 12 as my primary smartphone.,Yes,Yes,"Yes, including cellular network fees",Male,28,Full time,White Collar,30.928,30.928,34.263,1,5,28,2.105,34.635,41.377,2,23,4,302315,Unknown
2019-07-31 15:23:37,2019-07-31 15:24:36,IP Address,49.207.185.82,100,59,True,2019-07-31 15:24:37,R_3HvJ621KwgQJiU7,,,,,13.0845947265625,80.2484130859375,anonymous,EN,I use an iPhone with at least iOS 12 as my primary smartphone.,Yes,Yes,"Yes, including cellular network fees",Female,28,Full time,White Collar,0.664,0.664,9.327,1,6,20,1.19,1.19,5.753,1,6,20,488404,Unknown
2019-07-31 16:38:04,2019-07-31 16:38:43,IP Address,73.30.20.192,100,39,True,2019-07-31 16:38:43,R_1NkUaZBSAfSB4u2,,,,,40.100494384765625,-75.37090301513671875,anonymous,EN,I use an iPhone with at least iOS 12 as my primary smartphone.,Yes,Yes,"Yes, including cellular network fees",Female,29,Full time,White Collar,2.323,4.11,5.199,2,3,2,1.393,2.947,4.516,3,4,3,951326,Unknown
2019-07-31 17:48:59,2019-07-31 17:50:10,IP Address,27.111.71.91,100,70,True,2019-07-31 17:50:10,R_2Tp1kES3ZeyVSuW,,,,,-27.4716033935546875,153.021392822265625,anonymous,EN,I use an iPhone with at least iOS 12 as my primary smartphone.,Yes,Yes,No,Male,25,Part time,White Collar,7.414,14.399,16.589,2,1,12,3.537,4.631,11.102,2,4,10,727646,Unknown
2019-07-31 17:58:28,2019-07-31 18:00:22,IP Address,108.34.193.99,100,114,True,2019-07-31 18:00:22,R_1FwwOYGyqmmzFWo,,,,,41.7689056396484375,-71.475799560546875,anonymous,EN,I use an iPhone with at least iOS 12 as my primary smartphone.,No,No,No,Female,34,Part time,White Collar,28.038,39.501,42.105,2,3,9,35.061,35.061,38.397,1,0,58,675124,Unknown
2019-07-31 18:00:54,2019-07-31 18:01:36,IP Address,107.3.10.19,100,41,True,2019-07-31 18:01:36,R_231pJSValKbO0Os,,,,,42.982696533203125,-70.94719696044921875,anonymous,EN,I use an iPhone with at least iOS 12 as my primary smartphone.,Yes,Yes,"Yes, including cellular network fees",Male,37,Full time,White Collar,2.689,7.249,8.847,4,6,33,2.381,6.1,7.702,4,35,17,233734,Unknown
2019-07-31 19:28:25,2019-07-31 19:32:10,IP Address,70.190.7.99,100,225,True,2019-07-31 19:32:10,R_332wAScqQoPt0vm,,,,,33.562896728515625,-112.05190277099609375,anonymous,EN,I use an iPhone with at least iOS 12 as my primary smartphone.,Yes,No,No,Female,24,Full time,White Collar,1.724,166.194,170.065,2,2,16,18.635,18.635,21.592,1,4,52,30372,Unknown
2019-07-31 19:50:31,2019-07-31 19:52:43,IP Address,24.116.60.77,100,132,True,2019-07-31 19:52:44,R_2PqeAOM1mmjIB8q,,,,,42.4718017578125,-96.35489654541015625,anonymous,EN,I use an iPhone with at least iOS 12 as my primary smartphone.,No,No,No,Female,27,Full time,White Collar,33.483,37.137,69.927,4,1,43,21.944,24.572,27.949,2,12,5,641262,Unknown
2019-07-31 20:47:03,2019-07-31 20:48:36,IP Address,69.254.108.85,100,92,True,2019-07-31 20:48:36,R_24FLSnetHCHmHaU,,,,,36.32659912109375,-84.19280242919921875,anonymous,EN,I use an iPhone with at least iOS 12 as my primary smartphone.,Yes,No,No,Female,33,Part time,White Collar,27.046,27.046,34.873,1,8,50,15.048,15.048,19.812,1,60,26,193735,Unknown
2019-07-31 21:35:32,2019-07-31 21:43:44,IP Address,104.137.73.122,100,491,True,2019-07-31 21:43:45,R_YWHHpAl6XqBNek9,,,,,30.849395751953125,-86.202301025390625,anonymous,EN,I use an iPhone with at least iOS 12 as my primary smartphone.,"No, but I have in the past",Yes,No,Female,30,Full time,White Collar,34.323,38.632,39.2,2,3,12,19.057,19.057,41.085,1,23,33,829298,Unknown
2019-07-31 23:35:14,2019-07-31 23:36:46,IP Address,174.26.143.129,100,92,True,2019-07-31 23:36:47,R_1dGiPIjxYpKdRgy,,,,,34.70550537109375,-112.2639007568359375,anonymous,EN,I use an iPhone with at least iOS 12 as my primary smartphone.,Yes,No,No,Female,34,Unemployed,Unemployed,26.237,34.213,37.021,2,8,7,9.738,12.33,18.434,2,41,56,239205,Unknown
2019-08-01 02:34:09,2019-08-01 02:36:40,IP Address,98.178.158.90,100,151,True,2019-08-01 02:36:41,R_1KT1hxD26LGG2uB,,,,,36.0944061279296875,-95.97170257568359375,anonymous,EN,I use an iPhone with at least iOS 12 as my primary smartphone.,Yes,No,No,Female,27,Unemployed,Unemployed,4.809,87.567,91.304,5,4,37,4.993,27.791,30.901,2,46,22,281160,Unknown
2019-08-01 04:37:30,2019-08-01 04:39:24,IP Address,141.156.160.174,100,114,True,2019-08-01 04:39:25,R_3M3enL5TGUO1o6t,,,,,38.84759521484375,-77.32810211181640625,anonymous,EN,I use an iPhone with at least iOS 12 as my primary smartphone.,No,No,No,Female,32,Full time,White Collar,3.723,67.953,70.488,4,0,10,3.568,8.905,11.665,3,2,4,279139,Unknown
2019-08-01 05:03:26,2019-08-01 05:06:00,IP Address,24.167.199.115,100,154,True,2019-08-01 05:06:01,R_3niL0D053MzBbUm,,,,,36.936492919921875,-84.0901031494140625,anonymous,EN,I use an iPhone with at least iOS 12 as my primary smartphone.,Yes,No,No,Female,36,Full time,White Collar,43.274,64.061,66.518,4,1,16,3.019,20.112,23.128,3,15,25,188704,Unknown
2019-08-01 05:50:12,2019-08-01 05:51:40,IP Address,216.207.146.61,100,88,True,2019-08-01 05:51:41,R_3GrgaILQfBYixOG,,,,,45.282501220703125,-93.41860198974609375,anonymous,EN,I use an iPhone with at least iOS 12 as my primary smartphone.,Yes,No,No,Female,49,Full time,White Collar,24.458,28.512,33.696,3,0,54,11.36,13.596,22.075,2,26,48,734310,Unknown
2019-08-01 06:10:34,2019-08-01 06:12:36,IP Address,205.182.136.61,100,122,True,2019-08-01 06:12:37,R_1i3ZJZEx2qWkUx8,,,,,40.3061065673828125,-75.1483001708984375,anonymous,EN,I use an iPhone with at least iOS 12 as my primary smartphone.,Yes,No,No,Female,28,Full time,White Collar,54.892,56.748,58.478,2,1,2,3.964,12.531,28.47,3,40,9,604227,Unknown
2019-08-01 06:32:44,2019-08-01 06:34:01,IP Address,108.4.50.22,100,76,True,2019-08-01 06:34:01,R_1PYRTlBV8geMpWs,,,,,37.46380615234375,-77.39800262451171875,anonymous,EN,I use an iPhone with at least iOS 12 as my primary smartphone.,"No, but I have in the past",Yes,No,Female,41,Part time,White Collar,12.021,13.39,16.137,2,1,8,0,0,10.476,0,,,365829,Unknown
2019-08-01 08:56:51,2019-08-01 08:57:46,IP Address,108.198.57.109,100,54,True,2019-08-01 08:57:46,R_SVNRGoinqwPyu3f,,,,,25.7259063720703125,-80.40360260009765625,anonymous,EN,I use an iPhone with at least iOS 12 as my primary smartphone.,Yes,Yes,No,Male,23,Full time,Blue Collar,0.83,2.318,7.892,2,1,13,1.147,7.158,14.234,2,11,12,77053,Unknown
2019-08-01 09:14:18,2019-08-01 09:15:21,IP Address,80.31.108.23,100,62,True,2019-08-01 09:15:21,R_10YlYNqHdopdd2e,,,,,37.3834075927734375,-5.9788970947265625,anonymous,EN,I use an iPhone with at least iOS 12 as my primary smartphone.,Yes,No,No,Male,30,Part time,White Collar,5.559,6.826,10.25,2,3,35,3.714,7.073,8.773,3,14,27,94276,Unknown
2019-08-01 09:48:56,2019-08-01 09:52:44,IP Address,71.107.36.19,100,228,True,2019-08-01 09:52:45,R_dcIxCrGs1QYqdz3,,,,,33.7303924560546875,-116.71070098876953125,anonymous,EN,I use an iPhone with at least iOS 12 as my primary smartphone.,Yes,No,No,Female,37,Part time,White Collar,29.043,60.485,102.784,3,1,3,6.954,50.809,53.935,3,54,29,795904,Unknown
2019-08-01 10:42:51,2019-08-01 10:44:22,IP Address,106.76.46.134,100,91,True,2019-08-01 10:44:22,R_tJKxfg7xxhbQNkl,,,,,12.9770965576171875,77.58709716796875,anonymous,EN,I use an iPhone with at least iOS 12 as my primary smartphone.,Yes,Yes,"Yes, including cellular network fees",Male,31,Full time,Blue Collar,9.001,14.452,16.481,4,5,5,1.415,16.807,22.242,3,17,75,728171,Unknown
2019-08-01 10:48:44,2019-08-01 10:49:59,IP Address,67.238.113.70,100,75,True,2019-08-01 10:49:59,R_3HZz9SrqnhHRyaa,,,,,40.9947967529296875,-87.10369873046875,anonymous,EN,I use an iPhone with at least iOS 12 as my primary smartphone.,Yes,No,No,Male,36,Full time,White Collar,17.12,19.468,20.571,2,2,3,6.293,22.38,24.837,6,25,38,539220,Unknown
2019-08-01 11:00:56,2019-08-01 11:03:00,IP Address,95.10.233.175,100,124,True,2019-08-01 11:03:01,R_6zBRjz8pK4gHSP7,,,,,40.75689697265625,29.814697265625,anonymous,EN,I use an iPhone with at least iOS 12 as my primary smartphone.,Yes,Yes,No,Female,42,Full time,White Collar,41.222,44.397,48.591,2,8,29,9.663,15.061,21.698,2,58,28,334888,Unknown
2019-08-01 13:39:23,2019-08-01 13:41:53,IP Address,69.76.166.14,100,149,True,2019-08-01 13:41:53,R_1mUvylV2sNa3DkJ,,,,,38.959197998046875,-94.596099853515625,anonymous,EN,I use an iPhone with at least iOS 12 as my primary smartphone.,Yes,Yes,No,Female,22,Part time,Unknown or unsure,59.029,60.811,64.803,2,1,32,3.655,47.766,52.915,2,,360,995718,Unknown
2019-07-29 13:53:56,2019-07-29 13:59:51,IP Address,170.251.220.177,79,355,False,2019-08-05 14:00:11,R_2uTWIULO8xYFy0O,,,,,,,anonymous,EN,I use an iPhone with at least iOS 12 as my primary smartphone.,No,Yes,"Yes, including cellular network fees",Male,38,Full time,Blue Collar,4.707,6.522,7.923,2,,33,,,,,,,450116,
2019-07-29 14:03:09,2019-07-29 14:03:50,IP Address,70.238.163.225,57,40,False,2019-08-05 14:04:25,R_O7nedba62nbIXPH,,,,,,,anonymous,EN,I use an iPhone with at least iOS 12 as my primary smartphone.,No,No,No,Female,51,Unemployed,Unemployed,,,,,,,,,,,,,151723,
2019-07-29 14:16:14,2019-07-29 14:18:59,IP Address,208.71.141.242,79,165,False,2019-08-05 14:19:22,R_2Xd0mzbvitDnHMx,,,,,,,anonymous,EN,I use an iPhone with at least iOS 12 as my primary smartphone.,No,Yes,"Yes, but not including cellular network fees",Female,26,Full time,White Collar,5.966,10.118,129.116,2,1,8,,,,,,,401738,Unknown
2019-07-29 14:20:18,2019-07-29 14:21:35,IP Address,202.164.34.194,29,77,False,2019-08-05 14:21:45,R_2at1EjUy1pT2esm,,,,,,,anonymous,EN,I use an iPhone with at least iOS 12 as my primary smartphone.,Yes,Yes,No,,,,,,,,,,,,,,,,,162082,
2019-07-29 14:21:09,2019-07-29 14:21:45,IP Address,75.16.195.14,57,36,False,2019-08-05 14:21:52,R_1JXdsNehPjwKmxy,,,,,,,anonymous,EN,I use an iPhone with at least iOS 12 as my primary smartphone.,"No, but I have in the past",No,No,Female,29,Part time,White Collar,,,,,,,,,,,,,706887,
2019-07-29 14:22:44,2019-07-29 14:26:53,IP Address,68.5.68.191,79,249,False,2019-08-05 14:27:16,R_3Esb6iqwqmN5pcK,,,,,,,anonymous,EN,I use an iPhone with at least iOS 12 as my primary smartphone.,"No, but I have in the past",No,No,Male,57,Full time,White Collar,63.675,63.675,76.17,1,1,10,,,,,,,114301,Unknown
2019-07-29 14:21:26,2019-07-29 14:31:20,IP Address,169.237.220.135,79,594,False,2019-08-05 14:32:14,R_33m1uQ0rJqAT5S3,,,,,,,anonymous,EN,I use an iPhone with at least iOS 12 as my primary smartphone.,No,No,No,Male,24,Full time,White Collar,528.492,556.653,557.454,2,0,0,,,,,,,867165,Unknown
2019-07-29 14:51:09,2019-07-29 14:52:20,IP Address,157.46.110.160,79,71,False,2019-08-05 14:53:30,R_294IF4XPwqsOyzY,,,,,,,anonymous,EN,I use an iPhone with at least iOS 12 as my primary smartphone.,Yes,Yes,"Yes, but not including cellular network fees",Male,28,Full time,White Collar,9.652,9.652,13.262,1,8,45,,,,,,,328074,Unknown
2019-07-29 14:51:36,2019-07-29 14:54:41,IP Address,72.83.24.186,57,185,False,2019-08-05 14:54:55,R_1gRU6rBAWjhnn10,,,,,,,anonymous,EN,I use an iPhone with at least iOS 12 as my primary smartphone.,Yes,No,No,Female,22,Full time,White Collar,,,,,,,,,,,,,518652,
2019-07-29 15:02:51,2019-07-29 15:03:25,IP Address,75.88.91.11,57,33,False,2019-08-05 15:04:06,R_3JoNNUCAXJSluJH,,,,,,,anonymous,EN,I use an iPhone with at least iOS 12 as my primary smartphone.,Yes,No,No,Male,49,Full time,Blue Collar,,,,,,,,,,,,,958917,
2019-07-29 15:07:45,2019-07-29 15:08:43,IP Address,107.203.159.7,79,58,False,2019-08-05 15:08:51,R_1TZP1k9VQbtKN8J,,,,,,,anonymous,EN,I use an iPhone with at least iOS 12 as my primary smartphone.,No,No,No,Male,28,Full time,White Collar,11.658,15.916,19.264,2,1,15,,,,,,,54307,Unknown
2019-07-29 15:34:49,2019-07-29 15:35:28,IP Address,108.64.192.39,57,38,False,2019-08-05 15:35:35,R_1q21HMrNyj21sYU,,,,,,,anonymous,EN,I use an iPhone with at least iOS 12 as my primary smartphone.,Yes,No,No,Female,61,Unemployed,Unemployed,,,,,,,,,,,,,488695,
2019-07-29 16:33:19,2019-07-29 16:34:02,IP Address,71.14.59.99,57,43,False,2019-08-05 16:34:12,R_2D8P5kgA2ghbn36,,,,,,,anonymous,EN,I use an iPhone with at least iOS 12 as my primary smartphone.,No,No,No,Female,44,Full time,Blue Collar,,,,,,,,,,,,,760744,
2019-07-29 17:06:05,2019-07-29 17:10:14,IP Address,64.38.129.205,57,248,False,2019-08-05 17:10:28,R_vxhJ7htU05Ovte1,,,,,,,anonymous,EN,I use an iPhone with at least iOS 12 as my primary smartphone.,"No, but I have in the past",Yes,"Yes, including cellular network fees",Male,33,Full time,White Collar,,,,,,,,,,,,,260365,
2019-07-29 17:24:00,2019-07-29 17:26:29,IP Address,98.214.186.66,57,149,False,2019-08-05 17:27:04,R_Zg8xUinAcEzJJ7P,,,,,,,anonymous,EN,I use an iPhone with at least iOS 12 as my primary smartphone.,No,No,No,Female,47,Full time,White Collar,,,,,,,,,,,,,965158,
2019-07-29 17:33:24,2019-07-29 17:33:36,IP Address,72.229.35.74,29,11,False,2019-08-05 17:33:50,R_3m2xkd28CMQKelF,,,,,,,anonymous,EN,I use an iPhone with at least iOS 12 as my primary smartphone.,Yes,Yes,No,,,,,,,,,,,,,,,,,762413,
2019-07-29 17:58:23,2019-07-29 18:00:16,IP Address,99.197.97.63,57,113,False,2019-08-05 18:00:17,R_qDgTVAejjEAkTQd,,,,,,,anonymous,EN,I use an iPhone with at least iOS 12 as my primary smartphone.,No,No,No,Female,44,Full time,White Collar,,,,,,,,,,,,,597104,
2019-07-29 18:28:43,2019-07-29 18:29:49,IP Address,47.247.52.213,57,66,False,2019-08-05 18:30:14,R_20NWDjITdhF4giY,,,,,,,anonymous,EN,I use an iPhone with at least iOS 12 as my primary smartphone.,Yes,Yes,No,Male,22,Full time,White Collar,,,,,,,,,,,,,721331,
2019-07-29 19:01:42,2019-07-29 19:02:11,IP Address,207.255.33.193,57,28,False,2019-08-05 19:02:35,R_yKHXFehAQGCpZS1,,,,,,,anonymous,EN,I use an iPhone with at least iOS 12 as my primary smartphone.,"No, but I have in the past",No,No,Female,26,Full time,White Collar,,,,,,,,,,,,,336686,
2019-07-29 23:49:34,2019-07-29 23:51:08,IP Address,46.147.210.136,57,93,False,2019-08-05 23:51:32,R_1dnxk1nQHZplno7,,,,,,,anonymous,EN,I use an iPhone with at least iOS 12 as my primary smartphone.,Yes,Yes,"Yes, including cellular network fees",Male,26,Full time,White Collar,,,,,,,,,,,,,802286,
2019-07-30 00:36:57,2019-07-30 00:37:57,IP Address,73.8.205.92,57,59,False,2019-08-06 00:38:30,R_3Ht2q8RQ96XAXVu,,,,,,,anonymous,EN,I use an iPhone with at least iOS 12 as my primary smartphone.,"No, but I have in the past",Yes,No,Female,38,Full time,White Collar,,,,,,,,,,,,,462490,
2019-07-30 03:25:34,2019-07-30 03:25:52,IP Address,75.151.82.106,29,17,False,2019-08-06 03:26:29,R_2YzVKmLBw9OyIHZ,,,,,,,anonymous,EN,I use an iPhone with at least iOS 12 as my primary smartphone.,Yes,No,No,,,,,,,,,,,,,,,,,266569,
2019-07-30 03:34:04,2019-07-30 03:35:04,IP Address,67.8.101.188,79,60,False,2019-08-06 03:35:08,R_WBDrv7K40aLpxZL,,,,,,,anonymous,EN,I use an iPhone with at least iOS 12 as my primary smartphone.,No,No,No,Female,34,Full time,White Collar,0.468,7.512,7.82,5,0,34,,,,,,,658254,Unknown
2019-07-30 06:25:18,2019-07-30 06:25:44,IP Address,73.78.113.174,29,26,False,2019-08-06 06:26:02,R_1H05oqeYHTB50Lb,,,,,,,anonymous,EN,I use an iPhone with at least iOS 12 as my primary smartphone.,No,No,No,,,,,,,,,,,,,,,,,877433,
2019-07-30 07:51:57,2019-07-30 07:52:32,IP Address,174.84.226.218,29,35,False,2019-08-06 07:52:46,R_0P00SZDxumjb8BP,,,,,,,anonymous,EN,I use an iPhone with at least iOS 12 as my primary smartphone.,Yes,No,No,,,,,,,,,,,,,,,,,852473,
2019-07-30 08:52:36,2019-07-30 08:52:57,IP Address,107.213.216.165,29,21,False,2019-08-06 08:52:59,R_2VDyAvVwyXBLk0Z,,,,,,,anonymous,EN,I use an iPhone with at least iOS 12 as my primary smartphone.,Yes,Yes,No,,,,,,,,,,,,,,,,,843406,
2019-07-30 08:57:37,2019-07-30 09:01:28,IP Address,66.38.28.100,79,230,False,2019-08-06 09:01:38,R_7VciQedNgzjjAFH,,,,,,,anonymous,EN,I use an iPhone with at least iOS 12 as my primary smartphone.,Yes,No,No,Female,67,Full time,White Collar,167.326,167.326,178.636,1,0,30,,,,,,,358428,Unknown
2019-07-30 10:46:07,2019-07-30 10:46:59,IP Address,184.90.192.245,57,52,False,2019-08-06 10:47:29,R_dmqjaLqDjyjVMxX,,,,,,,anonymous,EN,I use an iPhone with at least iOS 12 as my primary smartphone.,"No, but I have in the past",Yes,No,Female,23,Full time,White Collar,,,,,,,,,,,,,500762,
2019-07-30 11:31:28,2019-07-30 11:32:00,IP Address,136.49.152.253,29,31,False,2019-08-06 11:32:08,R_cYh7neEabVufbWx,,,,,,,anonymous,EN,I use an iPhone with at least iOS 12 as my primary smartphone.,Yes,Yes,No,,,,,,,,,,,,,,,,,960843,
2019-07-30 12:36:26,2019-07-30 12:39:24,IP Address,173.206.144.27,57,178,False,2019-08-06 12:39:29,R_1mmAdtqAot6AEFS,,,,,,,anonymous,EN,I use an iPhone with at least iOS 12 as my primary smartphone.,"No, but I have in the past",Yes,"Yes, including cellular network fees",Male,53,Full time,White Collar,,,,,,,,,,,,,687860,
2019-07-30 17:03:04,2019-07-30 17:03:32,IP Address,107.77.205.218,57,27,False,2019-08-06 17:04:19,R_2fe6Eos5NPAdEdR,,,,,,,anonymous,EN,I use an iPhone with at least iOS 12 as my primary smartphone.,No,No,No,Female,36,Full time,Blue Collar,,,,,,,,,,,,,75521,
2019-07-30 17:35:38,2019-07-30 17:36:02,IP Address,68.184.22.212,57,23,False,2019-08-06 17:36:12,R_3PHM4mwjsz16cSg,,,,,,,anonymous,EN,I use an iPhone with at least iOS 12 as my primary smartphone.,No,No,No,Female,21,Part time,White Collar,,,,,,,,,,,,,859132,
2019-07-30 18:02:52,2019-07-30 18:05:32,IP Address,73.25.54.203,57,160,False,2019-08-06 18:05:40,R_1n71vp5DJhgchOn,,,,,,,anonymous,EN,I use an iPhone with at least iOS 12 as my primary smartphone.,Yes,Yes,"Yes, including cellular network fees",Male,30,Full time,Blue Collar,,,,,,,,,,,,,606867,
2019-07-31 11:03:44,2019-07-31 11:05:35,IP Address,75.64.89.167,57,110,False,2019-08-07 11:05:47,R_27PbYt88eAjUY6k,,,,,,,anonymous,EN,I use an iPhone with at least iOS 12 as my primary smartphone.,No,No,No,Male,62,Part time,Blue Collar,,,,,,,,,,,,,664023,
